match_id,game_duration,queue,game_mode,surrendered,team_100_wins,gold_diff_1,gold_diff_2,gold_diff_3,gold_diff_4,gold_diff_5,gold_diff_6,gold_diff_7,gold_diff_8,gold_diff_9,gold_diff_10,gold_diff_11,gold_diff_12,gold_diff_13,gold_diff_14,gold_diff_15,first_blood,first_tower,first_dragon,first_herald,towers_taken,dragons_taken,heralds_taken,barons_taken,inhibitors_taken,objectives_count,gold_lead_early,gold_lead_mid,gold_lead_late,objective_advantage
",NA1_5288540536",1920,",420",",CLASSIC",0,0,0,-17,-415,-1077,-1386,-1441,-1914,-2567,-2465,-2603,-3555,-3156,-4551,-3535,-3562,0,0,-1,0,0,-3,0,0,0,6,-1386,-1217,-959,-9
",NA1_5289269307",1748,",420",",CLASSIC",0,1,0,-57,346,621,-29,-219,-141,-851,-559,-969,-1080,1495,1665,2067,890,0,0,-1,0,0,-3,0,0,0,8,-29,-940,1859,-9
",NA1_5290004842",2149,",420",",CLASSIC",0,1,-21,59,83,-329,-149,-770,-1370,-1987,-1856,-3051,-3651,-3955,-3175,-1730,-3641,0,0,-1,0,0,-1,0,0,0,4,-149,-2902,-590,-3
",NA1_5290705430",1266,",420",",CLASSIC",0,1,0,-29,102,470,549,889,1175,1379,1839,3880,3939,5141,6160,8500,9747,0,0,-1,0,0,-3,0,0,0,7,549,3331,5867,-9
",NA1_5291468121",1204,",420",",CLASSIC",0,1,0,-51,495,1537,2151,2295,2389,2565,3035,2217,3844,3833,3947,3953,4541,0,0,-1,0,0,-3,0,0,0,6,2151,66,2324,-9
",NA1_5291966204",916,",420",",CLASSIC",0,1,5,-64,243,830,849,690,1540,1781,3423,4143,4991,5045,6869,7486,9507,0,0,-1,0,0,-1,0,0,0,4,849,3294,5364,-3
",NA1_5292198084",1865,",420",",CLASSIC",0,0,424,410,395,-234,-70,-625,-678,-1099,-920,-1303,-2506,-1372,-2156,-2799,-760,0,0,-1,0,0,-1,0,0,0,3,-70,-1233,543,-3
",NA1_5292456286",990,",420",",CLASSIC",0,1,0,128,241,129,122,778,837,1652,1424,2363,3250,1965,2732,4422,3646,0,0,-1,0,0,-3,0,0,0,4,122,2241,1283,-9
",NA1_5292476055",969,",420",",CLASSIC",0,0,-12,-62,-109,-864,-889,-2072,-3184,-2745,-3837,-4007,-5090,-5407,-6748,-6712,-5360,0,0,-1,0,0,-3,0,0,0,6,-889,-3118,-1353,-9
",NA1_5294669891",1248,",420",",CLASSIC",0,0,0,-36,33,-112,169,-393,-1470,-1021,-2010,-2501,-3124,-3903,-4564,-5227,-5359,0,0,-1,0,0,-1,0,0,0,3,169,-2670,-2858,-3
",NA1_5295522910",911,",420",",CLASSIC",0,0,0,-14,-141,794,238,521,57,-1220,-1602,-1324,-2810,-3085,-5682,-7410,-9258,0,0,-1,0,0,-3,0,0,0,7,238,-1562,-7934,-9
",NA1_5296037391",2134,",420",",CLASSIC",0,0,0,-18,-185,185,-304,-452,180,282,888,177,72,1941,3313,2345,1515,0,0,-1,0,0,-3,0,0,0,3,-304,481,1338,-9
",NA1_5296546066",1314,",420",",CLASSIC",0,1,0,48,272,646,506,608,658,1890,1876,2734,2757,3062,4414,5234,7047,0,0,-1,0,0,-1,0,0,0,4,506,2228,4313,-3
",NA1_5297229937",1736,",420",",CLASSIC",0,0,0,-27,-43,-191,92,-393,-232,-698,-1479,-1484,-1683,379,1337,2855,2841,0,0,-1,0,0,-3,0,0,0,4,92,-1576,4325,-9
",NA1_5298009037",1934,",420",",CLASSIC",0,0,0,-22,448,181,-107,-377,-1449,-599,-1161,-1099,-1271,-1149,-2614,-1713,-976,0,0,-1,0,0,-1,0,0,0,1,-107,-992,123,-3
",NA1_5298702986",1360,",420",",CLASSIC",0,1,0,65,743,1125,731,1459,2189,1508,1640,3286,2653,3230,5554,6339,7206,0,0,-1,0,0,-3,0,0,0,6,731,2555,3920,-9
",NA1_5299363459",1398,",420",",CLASSIC",0,1,0,-82,-603,-1868,-1615,-996,-687,453,622,1579,1573,1558,2118,2636,3470,0,0,-1,0,0,-1,0,0,0,3,-1615,3194,1891,-3
",NA1_5300028393",1722,",420",",CLASSIC",0,0,0,-79,18,-37,366,833,717,1732,2366,2564,694,576,-743,-403,554,0,0,-1,0,0,-1,0,0,0,4,366,2198,-2010,-3
",NA1_5300423406",1772,",420",",CLASSIC",0,1,0,41,-274,-190,-410,-547,-897,-1175,-273,-943,813,-90,-1166,-872,883,0,0,-1,0,0,-3,0,0,0,6,-410,-533,1826,-9
",NA1_5300954004",1655,",420",",CLASSIC",0,1,0,70,92,658,592,835,30,397,1588,2136,3381,3278,4872,2158,2571,0,0,-1,0,0,-3,0,0,0,8,592,1544,435,-9
",NA1_5301030753",1780,",420",",CLASSIC",0,1,5,19,280,155,-1012,-985,-1864,-1398,-640,-458,-678,526,1024,836,1116,0,0,-1,0,0,-3,0,0,0,6,-1012,554,1574,-9
",NA1_5301073282",1679,",420",",CLASSIC",0,1,0,82,-314,188,357,158,346,-298,-831,-713,-537,-2020,277,-426,-1591,0,0,-1,0,0,-3,0,0,0,6,357,-1070,-878,-9
",NA1_5301222626",1645,",420",",CLASSIC",0,1,0,71,-15,558,537,1285,2031,1383,-53,33,-313,-1092,-314,-203,579,0,0,-1,0,0,-1,0,0,0,5,537,-504,546,-3
",NA1_5301251110",1764,",420",",CLASSIC",0,1,5,27,490,-191,-5,235,895,712,1648,1484,2388,3009,2933,2702,2011,0,0,-1,0,0,-1,0,0,0,6,-5,1489,527,-3
",NA1_5301279458",1364,",420",",CLASSIC",0,1,0,6,340,334,399,106,-79,-94,-102,60,1415,1217,1748,1785,2766,0,0,-1,0,0,-1,0,0,0,4,399,-339,2706,-3
",NA1_5301300921",925,",420",",CLASSIC",0,1,10,116,338,913,1170,1314,1948,2645,2495,3465,3945,4858,6928,7587,8477,0,0,-1,0,0,-1,0,0,0,4,1170,2295,5012,-3
",NA1_5301356596",1459,",420",",CLASSIC",0,1,5,66,332,66,-535,-181,51,-358,275,-134,582,1432,790,3309,4179,0,0,-1,0,0,-1,0,0,0,5,-535,401,4313,-3
",NA1_5301376526",2171,",420",",CLASSIC",0,1,-10,-422,-112,-984,-910,-1029,-1214,-616,-441,-1757,-2792,-2840,-885,-1245,377,0,0,-1,0,0,-3,0,0,0,5,-910,-847,2134,-9
",NA1_5301747225",1634,",420",",CLASSIC",0,1,0,-19,-120,-690,-621,-308,-308,-741,-481,-1280,-1728,-1366,-1220,-789,-710,0,0,-1,0,0,-3,0,0,0,5,-621,-659,570,-9
",NA1_5301801381",1526,",420",",CLASSIC",0,1,-15,-3,143,646,-45,274,112,-93,1240,1908,780,1114,1062,2359,2863,0,0,-1,0,0,-3,0,0,0,6,-45,1953,955,-9
",NA1_5301869855",1805,",420",",CLASSIC",0,1,0,-54,-57,-637,-459,-634,304,161,-953,-2013,-1346,-1610,-209,-753,-440,0,0,-1,0,0,-3,0,0,0,5,-459,-1554,1573,-9
",NA1_5301901032",916,",420",",CLASSIC",0,1,0,-28,446,1233,1507,1754,2915,3042,4162,4797,5092,6499,7258,8377,9811,0,0,-1,0,0,-3,0,0,0,6,1507,3290,5014,-9
",NA1_5301914579",1560,",420",",CLASSIC",0,1,0,-270,-168,89,106,-151,496,1549,1340,1894,2061,2182,3037,3866,3186,0,0,-1,0,0,-3,0,0,0,6,106,1788,1292,-9
",NA1_5301928726",1409,",420",",CLASSIC",0,1,1,30,-29,147,275,173,593,-12,34,96,-148,196,879,1631,2226,0,0,-1,0,0,-3,0,0,0,4,275,-179,2130,-9
",NA1_5301945715",1643,",420",",CLASSIC",0,1,0,116,657,1417,1205,1509,1574,1631,1376,2699,2656,2442,4386,4476,4533,0,0,-1,0,0,-3,0,0,0,7,1205,1494,1834,-9
",NA1_5301959607",1893,",420",",CLASSIC",0,0,0,84,224,-879,-1465,-898,-515,-1481,-1974,-1906,-2082,-3086,-2946,-3880,-835,0,0,-1,0,0,-3,0,0,0,5,-1465,-441,1071,-9
",NA1_5302233142",1710,",420",",CLASSIC",0,1,0,-52,-335,-51,193,392,630,1880,984,2254,2836,3227,2262,2752,2621,0,0,-1,0,0,-1,0,0,0,3,193,2061,367,-3
",NA1_5302239084",1593,",420",",CLASSIC",0,1,11,35,135,419,350,866,749,969,1820,1602,1363,990,1144,1965,2068,0,0,-1,0,0,-1,0,0,0,5,350,1252,466,-3
",NA1_5302326705",1110,",420",",CLASSIC",0,1,0,419,279,569,1493,555,177,-41,215,2199,2848,3309,5444,5614,7940,0,0,-1,0,0,-3,0,0,0,5,1493,706,5741,-9
",NA1_5302351464",1655,",420",",CLASSIC",0,0,0,-26,-708,-1389,-1112,-1088,-591,-730,-1134,-1500,-1453,-2568,-3910,-5172,-4332,0,0,-1,0,0,-3,0,0,0,7,-1112,-388,-2832,-9
",NA1_5302379468",1520,",420",",CLASSIC",0,1,0,-75,155,-474,-275,-155,413,276,831,-284,28,2078,2086,1536,1963,0,0,-1,0,0,-3,0,0,0,4,-275,-9,2247,-9
",NA1_5302386027",2065,",420",",CLASSIC",0,0,5,129,1673,1014,2061,1031,1613,1236,2591,2579,2214,2399,1537,3361,2266,0,0,-1,0,0,-1,0,0,0,5,2061,518,-313,-3
",NA1_5302450658",1779,",420",",CLASSIC",0,0,0,56,-147,-307,-650,186,-459,-706,-2172,-1748,-997,-1201,1084,167,-73,0,0,-1,0,0,-3,0,0,0,6,-650,-1098,1675,-9
",NA1_5302505883",1618,",420",",CLASSIC",0,0,0,-51,-22,487,573,796,687,829,1234,2148,2215,620,569,310,1332,0,0,-1,0,0,-3,0,0,0,4,573,1575,-816,-9
",NA1_5302535071",935,",420",",CLASSIC",0,1,0,-45,-39,287,-848,-426,-48,1017,1533,1771,2675,3717,2912,4132,5210,0,0,-1,0,0,-1,0,0,0,3,-848,2619,3439,-3
",NA1_5302558458",2076,",420",",CLASSIC",0,1,-375,-293,-434,-1092,-724,-881,-1083,-239,-1498,-1447,-1006,-318,620,468,1891,0,0,-1,0,0,-3,0,0,0,4,-724,-723,3338,-9
",NA1_5302586400",1733,",420",",CLASSIC",0,0,0,-7,142,-642,-90,357,1020,923,955,1431,1766,3286,4394,4536,4192,0,0,-1,0,0,-3,0,0,0,7,-90,1521,2761,-9
",NA1_5302603477",1277,",420",",CLASSIC",0,1,-395,-292,-395,-36,-278,366,638,832,887,887,692,395,1992,1371,1303,0,0,-1,0,0,-3,0,0,0,7,-278,1165,416,-9
",NA1_5302740810",1194,",420",",CLASSIC",0,0,0,-748,-1429,-1100,-1481,-1764,-3016,-1943,-1822,-3533,-2971,-2298,-2473,-4052,-3603,0,0,-1,0,0,-3,0,0,0,7,-1481,-2052,-70,-9
",NA1_5302752186",1699,",420",",CLASSIC",0,1,0,20,45,-131,-300,-66,135,832,144,765,-100,-234,-369,961,-107,0,0,-1,0,0,-3,0,0,0,6,-300,1065,-872,-9
",NA1_5302781006",1341,",420",",CLASSIC",0,0,-5,-91,-651,-23,-802,-1590,-2394,-3003,-3199,-3198,-2691,-3897,-5148,-6109,-7098,0,0,-1,0,0,-3,0,0,0,6,-802,-2396,-3900,-9
",NA1_5302794482",1861,",420",",CLASSIC",0,1,0,4,107,555,82,-51,152,1229,1464,529,829,621,1788,1701,1891,0,0,-1,0,0,-1,0,0,0,3,82,447,1362,-3
",NA1_5302822750",2126,",420",",CLASSIC",0,0,0,-38,386,774,1383,1278,1831,1775,1156,1251,1538,2714,3045,2934,2796,0,0,-1,0,0,-3,0,0,0,5,1383,-132,1545,-9
",NA1_5302883944",2584,",420",",CLASSIC",0,0,0,58,114,-82,122,91,415,348,424,1840,872,1150,-225,176,840,0,0,-1,0,0,-3,0,0,0,7,122,1718,-1000,-9
",NA1_5302918184",1881,",420",",CLASSIC",0,1,0,66,-57,105,-510,275,836,273,295,811,671,1239,1759,-158,486,0,0,-1,0,0,-3,0,0,0,6,-510,1321,-325,-9
",NA1_5302947319",1225,",420",",CLASSIC",0,1,0,-36,-130,159,-355,399,1252,2642,3717,3687,3573,5005,5024,5578,6049,0,0,-1,0,0,-3,0,0,0,6,-355,4042,2362,-9
",NA1_5302965698",1631,",420",",CLASSIC",0,0,0,-49,38,242,-894,-561,-721,-2334,-3838,-4640,-3579,-3339,-4081,-5020,-4020,0,0,-1,0,0,-3,0,0,0,5,-894,-3746,620,-9
",NA1_5303028118",1643,",420",",CLASSIC",0,1,0,360,589,1194,1628,2482,3949,3827,4409,4543,3431,2314,778,1541,1615,0,0,-1,0,0,-3,0,0,0,6,1628,2915,-2928,-9
",NA1_5303042410",1618,",420",",CLASSIC",0,0,10,19,372,720,720,1099,-334,-1010,-380,-952,-693,-1280,-3029,-3991,-3950,0,0,-1,0,0,-3,0,0,0,7,720,-1672,-2998,-9
",NA1_5303062186",976,",420",",CLASSIC",0,0,0,-4,702,512,459,-744,-264,-1296,-1248,-890,-1521,-1295,-1447,-2153,-3454,0,0,-1,0,0,-3,0,0,0,6,459,-1349,-2564,-9
",NA1_5303073199",2029,",420",",CLASSIC",0,1,0,-65,-73,-1445,-1201,-1705,-1424,-827,-1747,-2125,-1097,-955,-209,-831,507,0,0,-1,0,0,-3,0,0,0,7,-1201,-924,2632,-9
",NA1_5303104914",1694,",420",",CLASSIC",0,1,-5,-99,-146,-1329,-1968,-2695,-2464,-1704,-2010,-1631,-970,-517,-425,433,724,0,0,-1,0,0,-3,0,0,0,6,-1968,337,2355,-9
",NA1_5303136501",1613,",420",",CLASSIC",0,0,0,61,-197,-224,-704,-659,-639,-1464,-1206,-677,-575,-2153,-2952,-3969,-4973,0,0,-1,0,0,-3,0,0,0,4,-704,27,-4296,-9
",NA1_5303141133",1227,",420",",CLASSIC",0,0,0,-41,-86,474,700,-342,-178,145,-195,-154,437,-803,-602,563,-493,0,0,-1,0,0,-3,0,0,0,5,700,-854,-339,-9
",NA1_5303214719",911,",420",",CLASSIC",0,0,5,-954,-1298,-1917,-3658,-3981,-4783,-4996,-6641,-8449,-9011,-11332,-12252,-13588,-13233,0,0,-1,0,0,-1,0,0,0,4,-3658,-4791,-4784,-3
",NA1_5303237745",1736,",420",",CLASSIC",0,0,-5,-426,-364,-486,132,-502,-598,-117,-540,-1069,-1378,-2154,-2654,-1804,-2216,0,0,-1,0,0,-1,0,0,0,2,132,-1201,-1147,-3
",NA1_5303254735",1443,",420",",CLASSIC",0,1,0,20,-133,-806,-872,-1213,-1488,-1006,-1115,-750,-1333,-1404,-1009,-1554,-926,0,0,-1,0,0,-3,0,0,0,5,-872,122,-176,-9
",NA1_5303368137",1703,",420",",CLASSIC",0,0,5,-46,-170,-413,-319,-865,-980,-762,-2571,-2003,-2702,-2755,-2542,-2740,-3474,0,0,-1,0,0,-1,0,0,0,4,-319,-1684,-1471,-3
",NA1_5303384694",1777,",420",",CLASSIC",0,0,0,-215,-770,-606,-1326,-1509,-1946,-2300,-2761,-2397,-3741,-4055,-4696,-3953,-4363,0,0,-1,0,0,-1,0,0,0,6,-1326,-1071,-1966,-3
",NA1_5303542196",1374,",420",",CLASSIC",0,0,0,-77,235,193,514,-37,-221,-167,-389,-1516,-2591,-3512,-3484,-4367,-4545,0,0,-1,0,0,-1,0,0,0,4,514,-2030,-3029,-3
",NA1_5303609086",1816,",420",",CLASSIC",0,1,0,-41,321,633,412,730,551,763,1354,936,1677,3370,4140,3393,4138,0,0,-1,0,0,-3,0,0,0,5,412,524,3202,-9
",NA1_5303640790",1726,",420",",CLASSIC",0,1,0,-100,-516,-646,-1204,-836,-1535,-333,-1054,-695,-276,-363,686,2822,4080,0,0,-1,0,0,-3,0,0,0,6,-1204,509,4775,-9
",NA1_5303663698",1692,",420",",CLASSIC",0,1,-5,-37,-316,-803,-589,-530,-511,-266,-704,-899,-601,-46,-743,-1104,-558,0,0,-1,0,0,-1,0,0,0,2,-589,-310,341,-3
",NA1_5303709320",1549,",420",",CLASSIC",0,0,0,55,37,-870,-789,-383,-725,-1108,-1798,-2080,-1661,-2399,-3278,-3342,-3826,0,0,-1,0,0,-3,0,0,0,4,-789,-1291,-1746,-9
",NA1_5303789132",1946,",420",",CLASSIC",0,0,-5,114,-5,10,14,171,400,302,-1202,-1933,-1709,-1473,-268,327,1285,0,0,-1,0,0,-3,0,0,0,6,14,-1947,3218,-9
",NA1_5304013170",1746,",420",",CLASSIC",0,0,0,-50,-95,414,44,606,-198,-1008,-104,-644,-374,-576,-700,-972,-1498,0,0,-1,0,0,-3,0,0,0,5,44,-688,-854,-9
",NA1_5304028682",1656,",420",",CLASSIC",0,0,0,-121,570,598,698,948,112,-482,-268,-45,-271,-1045,-2345,-2695,-2409,0,0,-1,0,0,-1,0,0,0,6,698,-743,-2364,-3
",NA1_5304203576",1682,",420",",CLASSIC",0,1,0,92,355,24,-701,-575,39,-152,-138,-524,-1838,-1162,-1557,-1647,-1527,0,0,-1,0,0,-1,0,0,0,5,-701,177,-1003,-3
",NA1_5304234064",109,",420",",CLASSIC",0,1,0,96,0,0,0,0,0,0,0,0,0,0,0,0,0,0,0,0,0,0,0,0,0,0,0,0,0,0,0
",NA1_5304263132",1621,",420",",CLASSIC",0,1,0,43,37,442,69,137,655,1179,-495,-1020,-1978,93,-1161,-712,-1161,0,0,-1,0,0,-3,0,0,0,7,69,-1089,-141,-9
",NA1_5304304487",2039,",420",",CLASSIC",0,1,395,220,83,179,37,216,231,796,196,897,1292,1651,1262,2781,2332,0,0,-1,0,0,-3,0,0,0,4,37,860,1435,-9
",NA1_5304324144",1652,",420",",CLASSIC",0,0,0,-33,262,372,-285,-437,-474,-313,821,303,435,432,-907,-1256,-571,0,0,-1,0,0,-3,0,0,0,5,-285,588,-874,-9
",NA1_5304386315",928,",420",",CLASSIC",0,1,0,99,72,760,1993,1995,2756,3859,4437,4354,4919,5932,5979,7966,8512,0,0,-1,0,0,-3,0,0,0,6,1993,2361,4158,-9
",NA1_5304420875",1278,",420",",CLASSIC",0,0,0,-128,-378,-154,-458,-272,93,45,-246,504,815,517,1116,261,-1498,0,0,-1,0,0,-3,0,0,0,5,-458,962,-2002,-9
",NA1_5304452329",1507,",420",",CLASSIC",0,0,0,12,27,-215,192,-22,415,508,314,-952,-942,-1659,-1940,-1727,-3169,0,0,-1,0,0,-1,0,0,0,2,192,-1144,-2217,-3
",NA1_5304659749",1548,",420",",CLASSIC",0,0,-15,133,263,275,1074,593,1401,1280,277,746,49,38,300,-228,-1328,0,0,-1,0,0,-1,0,0,0,1,1074,-328,-2074,-3
",NA1_5304763974",1710,",420",",CLASSIC",0,1,0,1,-190,-1,-154,-274,-982,-1936,-2106,-1575,-961,-1100,-1008,-959,-700,0,0,-1,0,0,-3,0,0,0,5,-154,-1421,875,-9
",NA1_5304823426",1849,",420",",CLASSIC",0,1,0,119,951,1451,1823,1222,806,370,237,525,82,-336,333,-2149,-393,0,0,-1,0,0,-3,0,0,0,6,1823,-1298,-918,-9
",NA1_5304841423",2196,",420",",CLASSIC",0,1,0,16,-428,132,437,800,1165,884,1173,1305,1779,1902,1617,2162,1883,0,0,-1,0,0,-3,0,0,0,5,437,868,578,-9
",NA1_5304858435",1765,",420",",CLASSIC",0,1,5,57,180,9,246,147,-466,-393,-391,-1,-968,-370,-390,-768,-1591,0,0,-1,0,0,-3,0,0,0,4,246,-247,-1590,-9
",NA1_5304882273",1151,",420",",CLASSIC",0,0,-5,-50,28,313,668,352,-169,336,103,-529,-724,-1995,-3507,-2043,-3168,0,0,-1,0,0,-3,0,0,0,8,668,-1197,-2639,-9
",NA1_5304905816",1945,",420",",CLASSIC",0,0,-5,-32,-395,-532,-631,229,345,-790,-744,-1813,-1715,-1085,-1300,-252,-1332,0,0,-1,0,0,-3,0,0,0,5,-631,-1182,481,-9
",NA1_5304922199",1675,",420",",CLASSIC",0,0,5,40,-80,81,-608,-1608,-2350,-2018,-1984,-1495,-824,-548,-591,-736,248,0,0,-1,0,0,-3,0,0,0,6,-608,-887,1743,-9
",NA1_5304935242",1479,",420",",CLASSIC",0,0,0,99,-69,477,716,521,-344,-437,-132,-704,-564,-719,-745,-1951,-3494,0,0,-1,0,0,-1,0,0,0,4,716,-1420,-2790,-3
",NA1_5304948729",1123,",420",",CLASSIC",0,0,0,-77,-45,-1708,-1711,-2201,-1909,-2470,-2614,-2583,-2379,-2848,-2629,-3117,-3043,0,0,-1,0,0,-1,0,0,0,1,-1711,-872,-460,-3
",NA1_5304977315",1841,",420",",CLASSIC",0,0,-5,52,-362,-275,-635,-588,-23,-125,-725,-694,88,230,351,-879,-1469,0,0,-1,0,0,-1,0,0,0,3,-635,-59,-775,-3
",NA1_5304979963",1778,",420",",CLASSIC",0,0,0,-123,-248,-297,-306,-1422,-1076,-1346,-1319,-1356,-2366,-3078,-1874,-2495,-2999,0,0,-1,0,0,-3,0,0,0,6,-306,-1050,-1643,-9
",NA1_5304993905",1782,",420",",CLASSIC",0,0,0,169,-451,-654,-540,-330,-481,-822,-191,-374,-2252,-2681,-1707,-1064,-2178,0,0,-1,0,0,-3,0,0,0,4,-540,166,-1804,-9
",NA1_5305008114",512,",420",",CLASSIC",0,1,0,-34,177,197,125,488,630,2426,3197,0,0,0,0,0,0,0,0,-1,0,0,-1,0,0,0,2,125,-125,0,-3
",NA1_5305018782",3002,",420",",CLASSIC",0,0,-5,-22,-91,-210,-575,-533,-739,-888,-997,-952,-890,-1661,-1424,-1458,845,0,0,-1,0,0,-3,0,0,0,4,-575,-377,1797,-9
",NA1_5305025329",960,",420",",CLASSIC",0,1,0,-28,-107,-946,-652,-392,487,896,1225,1551,1872,2910,3005,4583,4679,0,0,-1,0,0,-1,0,0,0,5,-652,2203,3128,-3
",NA1_5305062926",1524,",420",",CLASSIC",0,0,0,40,-44,890,1569,1244,44,92,-216,231,371,-212,604,-778,-304,0,0,-1,0,0,-3,0,0,0,6,1569,-1338,-535,-9
",NA1_5305195798",1544,",420",",CLASSIC",0,1,0,-71,-809,-748,-306,-509,258,-163,-675,-875,-617,-877,-1033,-414,2069,0,0,-1,0,0,-3,0,0,0,5,-306,-569,2944,-9
",NA1_5305208887",943,",420",",CLASSIC",0,0,0,-19,-124,-945,-2871,-3133,-3727,-4968,-5211,-5607,-6210,-7754,-8238,-9395,-10722,0,0,-1,0,0,-1,0,0,0,6,-2871,-2736,-5115,-3
",NA1_5305295911",1568,",420",",CLASSIC",0,1,0,-38,453,81,775,263,-43,177,964,565,1180,1410,2342,4045,4133,0,0,-1,0,0,-3,0,0,0,6,775,-210,3568,-9
",NA1_5305310414",1615,",420",",CLASSIC",0,1,0,-11,-337,-328,-109,226,-205,-99,-323,45,815,1076,2876,4357,4725,0,0,-1,0,0,-3,0,0,0,4,-109,154,4680,-9
",NA1_5305335783",2050,",420",",CLASSIC",0,0,0,21,111,703,751,-278,262,441,-89,-280,-1008,-1173,-1826,-1862,-3247,0,0,-1,0,0,-3,0,0,0,5,751,-1031,-2967,-9
",NA1_5305370839",1648,",420",",CLASSIC",0,0,0,-104,-153,-935,-794,-191,-553,-2363,-1737,-2250,-3071,-1323,-1662,-1667,-3161,0,0,-1,0,0,-1,0,0,0,3,-794,-1456,-911,-3
",NA1_5305416184",1672,",420",",CLASSIC",0,1,0,565,940,815,449,-74,676,492,311,-77,2077,2139,2407,3629,3347,0,0,-1,0,0,-1,0,0,0,3,449,-526,3424,-3
",NA1_5305442460",1555,",420",",CLASSIC",0,1,0,-23,431,245,420,28,-64,-156,-76,917,1527,293,200,-369,547,0,0,-1,0,0,-1,0,0,0,2,420,497,-370,-3
",NA1_5305453762",1409,",420",",CLASSIC",0,1,3,12,263,-334,661,516,1136,1071,961,1167,1600,2209,2643,2833,2025,0,0,-1,0,0,-1,0,0,0,3,661,506,858,-3
",NA1_5305492909",1661,",420",",CLASSIC",0,0,0,-69,-719,-878,-694,-791,-286,402,821,213,-136,-778,-1138,-352,-243,0,0,-1,0,0,-3,0,0,0,7,-694,907,-456,-9
",NA1_5305495790",1679,",420",",CLASSIC",0,0,0,-102,19,606,-142,-40,233,39,58,-38,-364,-1639,-1829,-1580,-1639,0,0,-1,0,0,-3,0,0,0,8,-142,104,-1601,-9
",NA1_5305516081",1221,",420",",CLASSIC",0,1,0,15,-719,-583,-794,-521,-1120,-230,352,-163,675,1168,1462,2452,3111,0,0,-1,0,0,-1,0,0,0,5,-794,631,3274,-3
",NA1_5305527762",1818,",420",",CLASSIC",0,1,0,-131,-124,539,806,679,305,133,-552,-246,-760,-353,221,-133,-702,0,0,-1,0,0,-1,0,0,0,2,806,-1052,-456,-3
",NA1_5305542174",1612,",420",",CLASSIC",0,1,405,431,592,1129,1786,2418,1740,2786,2116,2965,3732,5077,5053,5979,4907,0,0,-1,0,0,-3,0,0,0,7,1786,1179,1942,-9
",NA1_5305562236",1917,",420",",CLASSIC",0,0,0,-446,-506,-805,-744,-532,-621,-604,408,-313,1252,1655,1773,3124,4140,0,0,-1,0,0,-1,0,0,0,4,-744,431,4453,-3
",NA1_5305607137",2173,",420",",CLASSIC",0,0,0,248,468,2259,2139,3033,3224,3542,3965,3419,4005,5277,5646,7086,7066,0,0,-1,0,0,-3,0,0,0,8,2139,1280,3647,-9
",NA1_5305656621",1400,",420",",CLASSIC",0,1,-5,382,517,1056,1004,786,895,608,1110,432,635,1472,1850,2574,2714,0,0,-1,0,0,-1,0,0,0,2,1004,-572,2282,-3
",NA1_5305685006",1380,",420",",CLASSIC",0,0,0,-53,-158,878,640,919,106,655,-191,26,53,-493,738,902,1005,0,0,-1,0,0,-3,0,0,0,3,640,-614,979,-9
",NA1_5305701724",1099,",420",",CLASSIC",0,0,0,-479,-536,-215,120,-698,-515,-1681,-1971,-1829,-2281,-4316,-4575,-6625,-6191,0,0,-1,0,0,-3,0,0,0,9,120,-1949,-4362,-9
",NA1_5305998405",1720,",420",",CLASSIC",0,1,0,-63,-409,-156,-1054,-1238,44,-117,-718,-28,254,871,-86,1350,1575,0,0,-1,0,0,-3,0,0,0,6,-1054,1026,1603,-9
",NA1_5306006424",1569,",420",",CLASSIC",0,1,-1,95,752,1583,616,154,140,368,-37,700,941,2645,2856,3803,3464,0,0,-1,0,0,-3,0,0,0,8,616,84,2764,-9
",NA1_5306126632",1684,",420",",CLASSIC",0,0,0,-248,-228,-1001,-1195,-1176,-1379,-1645,-1788,-1084,-1815,-17,1070,1199,2569,0,0,-1,0,0,-3,0,0,0,8,-1195,111,3653,-9
",NA1_5306179960",942,",420",",CLASSIC",0,0,0,-372,-477,-1125,-806,-1073,-892,-1037,-1413,-450,-1409,-1004,-3204,-4447,-4339,0,0,-1,0,0,-1,0,0,0,1,-806,356,-3889,-3
",NA1_5306216736",1827,",420",",CLASSIC",0,0,0,-12,-22,-216,-103,13,261,-238,-435,-1323,-919,-1366,-79,-589,-1099,0,0,-1,0,0,-3,0,0,0,8,-103,-1220,224,-9
",NA1_5306257676",1544,",420",",CLASSIC",0,1,0,297,472,688,513,415,1447,979,195,-106,-644,78,811,1693,1264,0,0,-1,0,0,-3,0,0,0,6,513,-619,1370,-9
",NA1_5306305983",1667,",420",",CLASSIC",0,1,0,563,367,716,417,2157,2533,1967,3671,3339,3794,3934,1887,2540,2117,0,0,-1,0,0,-1,0,0,0,5,417,2922,-1222,-3
",NA1_5306336503",1480,",420",",CLASSIC",0,1,0,-32,4,609,1067,1096,2109,1728,1558,1937,3225,2419,3592,4368,5011,0,0,-1,0,0,-3,0,0,0,5,1067,870,3074,-9
",NA1_5306578603",1086,",420",",CLASSIC",0,1,0,70,-180,1125,2896,2996,4822,4548,5415,4575,5364,5389,5502,8897,9419,0,0,-1,0,0,-3,0,0,0,8,2896,1679,4844,-9
",NA1_5306592343",1617,",420",",CLASSIC",0,0,0,632,893,716,844,197,-624,-1167,-926,-308,-807,1100,811,1269,-629,0,0,-1,0,0,-3,0,0,0,8,844,-1152,-321,-9
",NA1_5306598816",1722,",420",",CLASSIC",0,0,0,-73,90,-768,-307,-896,-1089,-1036,-1227,-1880,-1565,-2111,-3623,-3960,-1807,0,0,-1,0,0,-3,0,0,0,5,-307,-1573,73,-9
",NA1_5306619785",1720,",420",",CLASSIC",0,1,1,-72,-143,-284,-317,-321,426,644,511,308,733,399,199,374,-1377,0,0,-1,0,0,-3,0,0,0,6,-317,625,-1685,-9
",NA1_5306631457",1729,",420",",CLASSIC",0,0,0,11,-324,-155,188,777,1449,690,524,674,1269,2626,2401,3385,3258,0,0,-1,0,0,-1,0,0,0,4,188,486,2584,-3
",NA1_5306638996",1435,",420",",CLASSIC",0,1,0,159,126,770,243,1555,2074,2139,3068,2231,2517,3256,3955,3175,3298,0,0,0,0,0,0,0,0,0,0,243,1988,1067,0
",NA1_5306643895",1688,",420",",CLASSIC",0,1,0,-37,77,238,532,470,263,140,1694,2805,1673,3762,4112,3341,3265,0,0,-1,0,0,-3,0,0,0,7,532,2273,460,-9
",NA1_5306665382",2033,",420",",CLASSIC",0,0,0,-832,-1027,-523,-60,-27,-166,115,196,-374,-774,-954,-1005,-796,-625,0,0,-1,0,0,-1,0,0,0,3,-60,-314,-251,-3
",NA1_5306681536",1769,",420",",CLASSIC",0,1,0,-38,266,624,536,-1612,-1292,-933,-1613,-942,-1257,-1473,-1423,-4643,-3316,0,0,-1,0,0,-3,0,0,0,8,536,-1478,-2374,-9
",NA1_5306700056",1452,",420",",CLASSIC",0,0,5,9,175,-252,-388,329,-346,-27,-155,68,-553,-1504,-2246,-2136,-1211,0,0,-1,0,0,-3,0,0,0,5,-388,456,-1279,-9
",NA1_5306724500",1451,",420",",CLASSIC",0,1,0,461,-651,-517,-50,-374,-1076,-472,-1088,-1400,-1531,-1484,-962,819,1028,0,0,-1,0,0,-1,0,0,0,4,-50,-1350,2428,-3
",NA1_5306739111",1645,",420",",CLASSIC",0,0,0,-60,245,-150,-289,-371,-374,65,40,-1450,-2314,-2494,-2683,-2841,-3031,0,0,-1,0,0,-3,0,0,0,5,-289,-1161,-1581,-9
",NA1_5306763539",1599,",420",",CLASSIC",0,1,0,103,379,1181,2051,1719,1998,2073,2534,3125,3798,3494,4680,2706,3054,0,0,-1,0,0,-3,0,0,0,5,2051,1074,-71,-9
",NA1_5306787533",1283,",420",",CLASSIC",0,0,-394,-397,-412,-1226,-1380,-1483,-1852,-2145,-1406,-1945,-1776,-358,-330,-840,-987,0,0,-1,0,0,-3,0,0,0,6,-1380,-565,958,-9
",NA1_5306806533",1779,",420",",CLASSIC",0,0,0,0,-64,1166,151,796,679,975,1203,1105,660,1003,2196,2023,1461,0,0,-1,0,0,-1,0,0,0,3,151,954,356,-3
",NA1_5306852013",1708,",420",",CLASSIC",0,1,-5,453,-753,-1331,-1619,-1264,-818,-1785,-2849,-2855,-2967,-3837,-2122,-814,-1044,0,0,-1,0,0,-3,0,0,0,6,-1619,-1236,1811,-9
",NA1_5306892377",965,",420",",CLASSIC",0,1,0,-25,-94,1199,2336,3096,3188,3080,3461,3613,3701,3747,6039,7701,7068,0,0,-1,0,0,-3,0,0,0,8,2336,1277,3455,-9
",NA1_5306919298",1714,",420",",CLASSIC",0,1,-395,1,130,1115,1382,870,777,1924,1338,1537,3301,2890,3727,3919,3418,0,0,-1,0,0,-3,0,0,0,6,1382,155,1881,-9
",NA1_5307326746",1995,",420",",CLASSIC",0,1,0,-13,3,617,771,1098,898,582,573,557,85,-400,-387,-2951,-2597,0,0,-1,0,0,-3,0,0,0,5,771,-214,-3154,-9
",NA1_5307361200",1452,",420",",CLASSIC",0,0,0,-83,23,-13,-277,-759,-510,-695,30,-621,-464,-2141,-1983,-1301,-2273,0,0,-1,0,0,-3,0,0,0,6,-277,-344,-1652,-9
",NA1_5307366547",1605,",420",",CLASSIC",0,0,-5,-150,-322,-641,-1175,-1236,-149,-521,536,-736,-1005,-2015,-2533,-3860,-3684,0,0,-1,0,0,-3,0,0,0,6,-1175,439,-2948,-9
",NA1_5307394946",1494,",420",",CLASSIC",0,1,0,100,330,705,93,-125,1271,1717,1772,2842,2920,1648,1611,2661,2962,0,0,-1,0,0,-3,0,0,0,8,93,2749,120,-9
",NA1_5307429675",1989,",420",",CLASSIC",0,1,15,24,55,555,827,949,350,1142,929,1398,1322,1165,1186,3336,4511,0,0,-1,0,0,-3,0,0,0,6,827,571,3113,-9
",NA1_5307466504",1642,",420",",CLASSIC",0,0,0,17,73,170,175,274,426,867,1323,1322,1238,1948,1910,2780,2440,0,0,-1,0,0,-3,0,0,0,5,175,1147,1118,-9
",NA1_5307480454",1820,",420",",CLASSIC",0,1,0,-41,-469,-495,-592,-203,-318,434,-219,-47,-1405,-398,-986,-544,738,0,0,-1,0,0,-3,0,0,0,6,-592,545,785,-9
",NA1_5307496394",2202,",420",",CLASSIC",0,0,394,443,601,444,193,949,1163,1579,1348,1979,2510,2923,1577,1121,829,0,0,-1,0,0,-3,0,0,0,7,193,1786,-1150,-9
",NA1_5307537729",1619,",420",",CLASSIC",0,1,-11,34,-229,-1034,480,498,-353,433,69,234,299,1172,1246,1579,1572,0,0,-1,0,0,-3,0,0,0,4,480,-246,1338,-9
",NA1_5307569405",2371,",420",",CLASSIC",0,0,0,-27,236,229,-331,-267,-26,843,-1,-24,184,21,1327,1569,1544,0,0,-1,0,0,-1,0,0,0,2,-331,307,1568,-3
",NA1_5307915793",1601,",420",",CLASSIC",0,1,0,112,66,378,384,689,1302,1772,2039,2311,3554,4531,5995,7018,7777,0,0,-1,0,0,-3,0,0,0,5,384,1927,5466,-9
",NA1_5308008382",1268,",420",",CLASSIC",0,1,0,25,539,614,710,902,1655,1253,2384,3472,3727,3761,3155,4448,5699,0,0,-1,0,0,-3,0,0,0,5,710,2762,2227,-9
",NA1_5308023532",1833,",420",",CLASSIC",0,0,12,49,461,25,-220,-393,-637,-1464,-2124,-1634,-2184,-1614,-2830,-2463,-1145,0,0,-1,0,0,-3,0,0,0,4,-220,-1414,489,-9
",NA1_5308039349",1939,",420",",CLASSIC",0,1,0,74,0,257,-425,-360,-687,-574,-111,143,780,421,-119,499,-359,0,0,-1,0,0,-3,0,0,0,4,-425,568,-502,-9
",NA1_5308057257",1656,",420",",CLASSIC",0,1,0,17,-43,249,26,892,405,1153,1156,2766,3754,2258,3457,4525,5146,0,0,-1,0,0,-1,0,0,0,4,26,2740,2380,-3
",NA1_5308076824",1695,",420",",CLASSIC",0,0,0,-1,-102,281,299,678,1297,500,734,772,231,677,-203,-315,1131,0,0,-1,0,0,-3,0,0,0,6,299,473,359,-9
",NA1_5308114955",1598,",420",",CLASSIC",0,0,0,-37,461,448,846,726,673,1680,563,-84,9,-139,439,-10,-782,0,0,-1,0,0,-3,0,0,0,5,846,-930,-698,-9
",NA1_5308123915",982,",420",",CLASSIC",0,1,-384,-413,-332,-298,-877,-1251,-2012,-1814,-1935,-705,-1815,-863,1482,2018,3205,0,0,-1,0,0,-1,0,0,0,2,-877,172,3910,-3
",NA1_5308145077",1548,",420",",CLASSIC",0,0,0,1,1181,1042,1911,3358,4012,4918,5571,5607,3068,2047,2420,1089,2337,0,0,-1,0,0,-1,0,0,0,2,1911,3696,-3270,-3
",NA1_5308188048",1903,",420",",CLASSIC",0,0,0,-26,326,844,1312,1831,1615,1539,675,1099,163,947,994,1403,1907,0,0,-1,0,0,-3,0,0,0,5,1312,-213,808,-9
",NA1_5308220443",952,",420",",CLASSIC",0,1,-5,174,-269,-128,-1168,-1356,-598,-81,-385,1333,2709,3662,4312,4412,4435,0,0,-1,0,0,-3,0,0,0,3,-1168,2501,3102,-9
",NA1_5308510803",2222,",420",",CLASSIC",0,0,0,-480,-431,-1212,-134,-510,-1271,-1304,-2772,-3403,-3919,-4475,-5550,-5704,-4446,0,0,-1,0,0,-1,0,0,0,3,-134,-3269,-1043,-3
",NA1_5308543571",2930,",420",",CLASSIC",0,1,0,76,582,480,-720,-17,26,493,934,70,-465,-1183,-1159,-1501,-1602,0,0,-1,0,0,-1,0,0,0,3,-720,790,-1672,-3
",NA1_5308597971",1287,",420",",CLASSIC",0,0,0,-304,-206,-1366,-1162,-1717,-2228,-2360,-3023,-3009,-4019,-3909,-4206,-4365,-3734,0,0,-1,0,0,-3,0,0,0,4,-1162,-1847,-725,-9
",NA1_5308604061",2164,",420",",CLASSIC",0,0,0,-112,-59,-88,665,623,539,1563,1408,1391,271,381,944,-301,-790,0,0,-1,0,0,-1,0,0,0,3,665,726,-2181,-3
",NA1_5308611068",1899,",420",",CLASSIC",0,0,0,-35,349,447,616,321,841,792,62,-492,-555,-2050,-3964,-4973,-5892,0,0,-1,0,0,-1,0,0,0,5,616,-1108,-5400,-3
",NA1_5308643042",2024,",420",",CLASSIC",0,1,0,-102,-718,-986,-735,-540,-720,-186,551,98,-313,-2103,-1791,-1175,-425,0,0,-1,0,0,-3,0,0,0,6,-735,833,-523,-9
",NA1_5308672593",2192,",420",",CLASSIC",0,0,-11,-30,-429,594,311,827,1109,2173,2305,1277,1358,0,-84,-275,840,0,0,-1,0,0,-1,0,0,0,2,311,966,-437,-3
",NA1_5308747768",517,",420",",CLASSIC",0,1,0,-33,-145,744,754,619,559,862,440,0,0,0,0,0,0,0,0,0,0,0,0,0,0,0,0,754,-754,0,0
",NA1_5308766254",929,",420",",CLASSIC",0,1,0,39,504,688,1083,1438,1666,684,2161,2022,3299,2956,5263,5760,5090,0,0,-1,0,0,-3,0,0,0,4,1083,939,3068,-9
",NA1_5308780372",1693,",420",",CLASSIC",0,0,0,-65,-688,-399,-59,-527,575,1099,2036,1676,1594,1726,1393,703,771,0,0,-1,0,0,-1,0,0,0,3,-59,1735,-905,-3
",NA1_5308788291",1520,",420",",CLASSIC",0,1,0,-67,-70,-354,-608,-741,-767,-639,32,-807,-1213,-1211,-1751,-1144,-1452,0,0,-1,0,0,-1,0,0,0,2,-608,-199,-645,-3
",NA1_5308807606",979,",420",",CLASSIC",0,0,0,2,-75,-220,-357,-508,-1235,-2806,-3739,-4667,-5591,-6014,-6104,-8541,-9339,0,0,-1,0,0,-3,0,0,0,7,-357,-4310,-4672,-9
",NA1_5308819592",1205,",420",",CLASSIC",0,1,0,273,757,561,77,433,1064,2631,2190,2832,3684,2657,3789,4748,5296,0,0,-1,0,0,-1,0,0,0,5,77,2755,2464,-3
",NA1_5308835758",1794,",420",",CLASSIC",0,1,0,176,330,746,1074,1326,2011,1722,1773,1630,1200,1782,1897,1855,3544,0,0,-1,0,0,-3,0,0,0,4,1074,556,1914,-9
",NA1_5308997584",1624,",420",",CLASSIC",0,1,0,-37,419,568,1759,1530,2236,2334,2657,2712,3223,5144,6326,6194,6589,0,0,-1,0,0,-3,0,0,0,6,1759,953,3877,-9
",NA1_5309013445",2117,",420",",CLASSIC",0,1,0,31,-707,-77,-500,-239,-1126,-1986,-2798,-2221,-4925,-4850,-4505,-4594,-4728,0,0,-1,0,0,-3,0,0,0,8,-500,-1721,-2507,-9
",NA1_5309041664",1794,",420",",CLASSIC",0,1,0,42,241,120,-14,-70,-726,-173,-409,-436,-334,-1425,-1671,-1775,-3352,0,0,-1,0,0,-3,0,0,0,4,-14,-422,-2916,-9
",NA1_5309061379",1645,",420",",CLASSIC",0,1,0,310,243,65,-530,-94,832,318,-20,-187,-527,612,87,115,-1321,0,0,-1,0,0,-1,0,0,0,2,-530,343,-1134,-3
",NA1_5309070496",1654,",420",",CLASSIC",0,1,0,75,111,-296,536,1231,1364,2559,2358,2774,2633,2105,2897,3010,3130,0,0,-1,0,0,-3,0,0,0,3,536,2238,356,-9
",NA1_5309085741",1661,",420",",CLASSIC",0,0,0,-111,109,97,-11,1137,908,2226,1602,1253,1026,902,1,1075,-612,0,0,-1,0,0,-1,0,0,0,3,-11,1264,-1865,-3
",NA1_5309091599",1748,",420",",CLASSIC",0,0,5,70,136,-418,200,-783,-481,-2272,-2344,-2282,-2611,-3643,-3542,-5758,-4865,0,0,-1,0,0,-1,0,0,0,5,200,-2482,-2583,-3
",NA1_5309108975",1656,",420",",CLASSIC",0,0,-394,-514,-757,-1629,-1990,-2069,-2303,-2607,-717,-200,-397,-1433,-884,120,-99,0,0,-1,0,0,-3,0,0,0,5,-1990,1790,101,-9
",NA1_5309116838",1629,",420",",CLASSIC",0,1,0,63,589,1557,1768,2158,1606,1425,1796,2025,2157,2561,5632,4833,4988,0,0,-1,0,0,-1,0,0,0,5,1768,257,2963,-3
",NA1_5309169949",1836,",420",",CLASSIC",0,0,-2,-31,708,650,888,1243,1257,1298,2176,2946,947,1435,-152,-212,215,0,0,-1,0,0,-1,0,0,0,3,888,2058,-2731,-3
",NA1_5309197126",1713,",420",",CLASSIC",0,0,0,-513,-924,-1077,-1247,-1645,-1826,-1758,-1505,-2088,-3392,-1028,-2671,-3097,-2657,0,0,0,0,0,0,0,0,0,3,-1247,-841,-569,0
",NA1_5309202391",1584,",420",",CLASSIC",0,0,0,-5,275,217,616,505,293,-241,-603,-529,-689,45,-240,-1330,-982,0,0,-1,0,0,-3,0,0,0,6,616,-1145,-453,-9
",NA1_5309223428",1849,",420",",CLASSIC",0,1,0,47,24,345,572,444,-664,-746,-1700,-660,-1173,-896,13,-609,-1270,0,0,-1,0,0,-3,0,0,0,3,572,-1232,-610,-9
",NA1_5309420526",1627,",420",",CLASSIC",0,1,5,22,330,603,543,1234,1580,1975,3035,2915,3407,3320,3094,2811,873,0,0,-1,0,0,-1,0,0,0,3,543,2372,-2042,-3
",NA1_5309457244",1840,",420",",CLASSIC",0,1,0,136,87,-302,725,378,256,-571,-642,-305,-634,-1297,-2223,-2466,-2130,0,0,-1,0,0,-1,0,0,0,2,725,-1030,-1825,-3
",NA1_5309677052",918,",420",",CLASSIC",0,1,5,53,243,576,558,1626,1326,2538,3307,3118,3696,5725,6798,7889,10278,0,0,-1,0,0,-1,0,0,0,6,558,2560,7160,-3
",NA1_5309834639",1609,",420",",CLASSIC",0,0,0,-592,-1314,-1282,-1735,-2726,-2165,-2093,-1443,-176,-383,1318,1651,2301,-339,0,0,-1,0,0,-3,0,0,0,5,-1735,1559,-163,-9
",NA1_5309884430",1308,",420",",CLASSIC",0,0,0,-52,59,-895,-1100,-1076,-1258,-1659,-1391,-1528,-1552,-2230,-3424,-3880,-3035,0,0,-1,0,0,-1,0,0,0,6,-1100,-428,-1507,-3
",NA1_5309914005",1445,",420",",CLASSIC",0,0,-5,-476,-410,-1284,-1016,-547,-1270,-2308,-2286,-3048,-2891,-3933,-2824,-2919,-3894,0,0,-1,0,0,-1,0,0,0,4,-1016,-2032,-846,-3
",NA1_5309939659",1551,",420",",CLASSIC",0,0,-5,397,486,-29,-730,-1570,-2333,-2803,-3302,-3052,-3905,-4605,-2927,-3577,-3434,0,0,0,0,0,0,0,0,0,2,-730,-2322,-382,0
",NA1_5309969480",1528,",420",",CLASSIC",0,0,0,987,897,-646,-589,-641,-714,-1169,-1516,-1075,-216,-316,-765,-1844,-3343,0,0,-1,0,0,-1,0,0,0,3,-589,-486,-2268,-3
",NA1_5310021358",1682,",420",",CLASSIC",0,1,2,-426,-83,-12,-134,188,-1193,-1017,-1438,-1302,-538,-1016,-1476,-2119,-1927,0,0,-1,0,0,-3,0,0,0,5,-134,-1168,-625,-9
",NA1_5310050440",1948,",420",",CLASSIC",0,1,0,-98,40,-159,358,992,957,691,971,2203,1473,2285,2802,3854,3603,0,0,-1,0,0,-1,0,0,0,4,358,1845,1400,-3
",NA1_5310053612",132,",420",",CLASSIC",0,0,-6,17,0,0,0,0,0,0,0,0,0,0,0,0,0,0,0,0,0,0,0,0,0,0,0,0,0,0,0
",NA1_5310087907",1497,",420",",CLASSIC",0,0,0,121,-377,-150,-518,-2127,-2539,-1560,-2096,-2390,-2669,-3447,-3631,-3668,-4489,0,0,-1,0,0,-3,0,0,0,5,-518,-1872,-2099,-9
",NA1_5310109771",2091,",420",",CLASSIC",0,0,0,73,252,89,412,316,894,461,338,-1788,-2038,-2635,-3137,-3519,-2955,0,0,-1,0,0,-1,0,0,0,3,412,-2200,-1167,-3
",NA1_5310145004",1668,",420",",CLASSIC",0,1,0,42,1069,856,67,-1061,-1021,-984,-412,136,550,757,555,235,1406,0,0,-1,0,0,-1,0,0,0,2,67,69,1270,-3
",NA1_5310242250",1666,",420",",CLASSIC",0,0,10,-1,-258,-336,-161,127,-85,-500,-113,-1153,-3675,-1974,-2711,-2131,-3439,0,0,-1,0,0,-3,0,0,0,7,-161,-992,-2286,-9
",NA1_5310335160",937,",420",",CLASSIC",0,1,0,-10,421,533,451,685,220,594,1020,1377,2678,2115,1196,3561,3618,0,0,-1,0,0,-3,0,0,0,4,451,926,2241,-9
",NA1_5310574870",919,",420",",CLASSIC",0,1,0,49,472,723,1556,1541,2986,3544,5196,3839,5321,5263,7120,9288,11369,0,0,-1,0,0,-1,0,0,0,4,1556,2283,7530,-3
",NA1_5310624504",1951,",420",",CLASSIC",0,1,0,40,435,205,1142,965,553,1315,612,1702,2079,1554,1916,2270,3112,0,0,-1,0,0,-3,0,0,0,6,1142,560,1410,-9
",NA1_5310639906",1862,",420",",CLASSIC",0,0,-12,16,-120,1021,1703,1688,2332,800,1282,1275,1495,1639,1843,2226,830,0,0,-1,0,0,-1,0,0,0,4,1703,-428,-445,-3
",NA1_5310727608",1247,",420",",CLASSIC",0,0,0,-50,-153,-336,-461,-862,-1076,-908,-1396,-1196,-1776,-2353,-3187,-4221,-3573,0,0,-1,0,0,-3,0,0,0,7,-461,-735,-2377,-9
",NA1_5310739537",1654,",420",",CLASSIC",0,0,0,19,-30,-127,281,552,-902,-479,-1070,-748,-419,-1530,-1858,-1552,-2795,0,0,-1,0,0,-3,0,0,0,4,281,-1029,-2047,-9
",NA1_5310754859",1131,",420",",CLASSIC",0,1,13,0,9,802,576,770,375,940,796,1819,1878,2772,3901,5408,4623,0,0,-1,0,0,-1,0,0,0,2,576,1243,2804,-3
",NA1_5310850887",1938,",420",",CLASSIC",0,1,0,65,215,167,534,794,1016,643,1113,1425,1041,735,2559,2608,2801,0,0,-1,0,0,-3,0,0,0,5,534,891,1376,-9
",NA1_5310897779",1525,",420",",CLASSIC",0,0,0,62,-113,-309,-434,-413,-467,-813,-689,-2509,-1940,-2594,-2553,-3354,-3999,0,0,-1,0,0,-3,0,0,0,4,-434,-2075,-1490,-9
",NA1_5310940409",1507,",420",",CLASSIC",0,0,0,155,-113,-12,-55,-241,-238,117,-461,-288,121,-997,1090,960,1497,0,0,-1,0,0,-1,0,0,0,5,-55,-233,1785,-3
",NA1_5310962459",1643,",420",",CLASSIC",0,0,0,35,-239,391,332,1605,1523,3326,3869,2928,2759,2126,2385,2858,2756,0,0,-1,0,0,-3,0,0,0,6,332,2596,-172,-9
",NA1_5310978611",1681,",420",",CLASSIC",0,0,0,-120,201,1706,1035,1086,1163,1679,2121,3159,2990,3675,3797,4840,3894,0,0,-1,0,0,-1,0,0,0,4,1035,2124,735,-3
",NA1_5311020103",1305,",420",",CLASSIC",0,0,0,14,386,91,191,484,1384,1590,1576,1589,383,-1639,-1431,-1894,-1559,0,0,-1,0,0,-3,0,0,0,7,191,1398,-3148,-9
",NA1_5311054766",1720,",420",",CLASSIC",0,0,0,-34,-362,-361,-816,-1490,-1554,-1842,-2234,-2246,-2274,-1937,-1781,-1882,-2573,0,0,-1,0,0,-1,0,0,0,2,-816,-1430,-327,-3
",NA1_5311065086",1657,",420",",CLASSIC",0,0,0,26,-207,-387,-900,-400,-331,-76,-438,-858,-833,-1018,-828,48,-72,0,0,-1,0,0,-1,0,0,0,4,-900,42,786,-3
",NA1_5311172372",1747,",420",",CLASSIC",0,0,375,499,484,304,194,153,-387,-561,-2225,-1549,-1523,-1413,-1884,-2386,-1998,0,0,-1,0,0,-3,0,0,0,7,194,-1743,-449,-9
",NA1_5311207389",1808,",420",",CLASSIC",0,0,0,-21,-69,-25,-128,-419,-1046,-956,-2455,-2699,-3895,-3547,-3440,-4502,-5265,0,0,-1,0,0,-1,0,0,0,2,-128,-2571,-2566,-3
",NA1_5311335461",1691,",420",",CLASSIC",0,1,5,-77,-959,-543,1019,1215,1605,1998,3139,4208,4781,6994,7813,7662,7170,0,0,-1,0,0,-3,0,0,0,6,1019,3189,2962,-9
",NA1_5311495677",1479,",420",",CLASSIC",0,0,6,82,-345,322,-274,-320,-409,-329,-929,-753,-1382,-1858,-3949,-4128,-4343,0,0,-1,0,0,-1,0,0,0,3,-274,-479,-3590,-3
",NA1_5311514403",1635,",420",",CLASSIC",0,0,0,22,-157,-711,-835,-588,-610,230,280,-250,-449,-484,-636,-820,-2113,0,0,-1,0,0,-1,0,0,0,1,-835,585,-1863,-3
",NA1_5311546940",2437,",420",",CLASSIC",0,1,0,266,584,919,1807,648,-184,422,-975,-903,-1994,-1181,-1299,-1218,-2353,0,0,-1,0,0,-1,0,0,0,4,1807,-2710,-1450,-3
",NA1_5311556754",1098,",420",",CLASSIC",0,0,449,190,-73,-778,-1330,-780,-1045,-477,-2085,-2704,-2999,-2489,-1958,-1925,-1148,0,0,-1,0,0,-3,0,0,0,4,-1330,-1374,1556,-9
",NA1_5311726102",1720,",420",",CLASSIC",0,1,0,75,44,43,187,555,398,768,1203,1172,986,1475,1554,1404,1939,0,0,-1,0,0,-1,0,0,0,2,187,985,767,-3
",NA1_5311853520",1846,",420",",CLASSIC",0,0,0,17,-171,678,97,162,-145,-74,147,332,-891,-1859,-860,399,-377,0,0,-1,0,0,-1,0,0,0,2,97,235,-709,-3
",NA1_5311884519",1534,",420",",CLASSIC",0,0,0,49,38,-449,-382,-163,-652,1618,2041,1974,1911,2235,2764,2501,3672,0,0,-1,0,0,-3,0,0,0,5,-382,2356,1698,-9
",NA1_5311886315",1848,",420",",CLASSIC",0,0,394,407,431,323,32,-267,361,846,631,706,688,122,318,1006,215,0,0,-1,0,0,-3,0,0,0,6,32,674,-491,-9
",NA1_5311914571",1579,",420",",CLASSIC",0,0,5,-78,-123,-1026,-912,-285,-586,-1199,-1241,-1251,-233,-1701,-2473,-3045,-3465,0,0,-1,0,0,-1,0,0,0,4,-912,-339,-2214,-3
",NA1_5312166456",920,",420",",CLASSIC",0,1,0,4,583,1549,1669,1978,2359,2298,3206,4171,4112,5127,6881,7587,8846,0,0,-1,0,0,-1,0,0,0,4,1669,2502,4675,-3
",NA1_5312353624",1991,",420",",CLASSIC",0,0,0,-103,-9,-750,-69,-221,-57,621,884,1264,2491,2505,2500,2931,2870,0,0,-1,0,0,-3,0,0,0,4,-69,1333,1606,-9
",NA1_5312480671",931,",420",",CLASSIC",0,1,0,14,-92,941,1360,1494,2499,2400,2729,4580,3947,4395,5699,6801,7845,0,0,-1,0,0,-3,0,0,0,4,1360,3220,3265,-9
",NA1_5312517663",1473,",420",",CLASSIC",0,0,0,-70,-184,-115,59,1099,857,793,764,-177,398,104,-1273,-978,-261,0,0,-1,0,0,-3,0,0,0,5,59,-236,-84,-9
",NA1_5312548454",1626,",420",",CLASSIC",0,0,0,-49,-146,771,268,934,1096,1038,257,-1153,-874,-1227,-2148,-2107,-798,0,0,-1,0,0,-1,0,0,0,3,268,-1421,355,-3
",NA1_5312585014",910,",420",",CLASSIC",0,1,0,46,52,694,728,1819,2173,2416,2601,3801,4980,5883,7803,9781,10068,0,0,-1,0,0,-1,0,0,0,7,728,3073,6267,-3
",NA1_5312599728",1716,",420",",CLASSIC",0,1,0,-92,320,1370,1298,1450,1641,1906,1879,2435,3314,1394,1358,1118,1509,0,0,-1,0,0,-3,0,0,0,4,1298,1137,-926,-9
",NA1_5312618457",1839,",420",",CLASSIC",0,0,0,-154,-735,-882,-1315,-1357,-1986,-1143,-639,-294,-369,724,181,-466,816,0,0,-1,0,0,-3,0,0,0,5,-1315,1021,1110,-9
",NA1_5312784122",2024,",420",",CLASSIC",0,1,0,55,-26,-75,458,-77,-956,-1908,-1210,-1490,-945,-917,-504,-1086,-242,0,0,-1,0,0,-3,0,0,0,4,458,-1948,1248,-9
",NA1_5312786723",1620,",420",",CLASSIC",0,1,2,-114,-33,-190,-1212,-1778,-1775,-1048,-892,-1495,-1860,-1057,-1197,-1410,-623,0,0,-1,0,0,-3,0,0,0,9,-1212,-283,872,-9
",NA1_5312809086",2008,",420",",CLASSIC",0,1,0,28,728,1776,1690,2503,2635,3227,3163,3954,3828,4858,4524,4694,4472,0,0,-1,0,0,-1,0,0,0,2,1690,2264,518,-3
",NA1_5312829716",1746,",420",",CLASSIC",0,0,0,73,-274,-992,-674,-176,-701,-426,-79,-845,-551,-1379,-1358,-1436,-1177,0,0,-1,0,0,-3,0,0,0,6,-674,-171,-332,-9
",NA1_5312844290",1883,",420",",CLASSIC",0,1,0,113,-1071,-1459,-1571,-2429,-1739,-1407,-1201,-709,-800,187,233,587,108,0,0,-1,0,0,-1,0,0,0,4,-1571,862,817,-3
",NA1_5312851721",976,",420",",CLASSIC",0,1,0,48,35,210,1512,1819,1352,1518,1440,3303,3369,3251,4709,4491,6416,0,0,-1,0,0,-1,0,0,0,4,1512,1791,3113,-3
",NA1_5312870503",1147,",420",",CLASSIC",0,1,0,-153,295,-173,468,659,1202,2673,3424,3399,3126,2382,2473,4609,4622,0,0,-1,0,0,-3,0,0,0,4,468,2931,1223,-9
",NA1_5312890230",1685,",420",",CLASSIC",0,1,0,-40,555,552,1119,1146,964,519,2516,2261,3215,3618,3999,4353,4840,0,0,-1,0,0,-3,0,0,0,5,1119,1142,2579,-9
",NA1_5312909119",914,",420",",CLASSIC",0,1,0,12,0,550,891,1814,2209,1607,3361,3436,5417,6258,7348,8949,10149,0,0,-1,0,0,-3,0,0,0,5,891,2545,6713,-9
",NA1_5312923883",2153,",420",",CLASSIC",0,0,-11,-61,-72,493,323,1239,1716,3535,3080,2006,2630,2500,3433,4813,2689,0,0,-1,0,0,-1,0,0,0,3,323,1683,683,-3
",NA1_5312927598",1946,",420",",CLASSIC",0,0,0,120,-273,251,557,676,131,-216,34,234,151,1188,1153,795,873,0,0,-1,0,0,-1,0,0,0,3,557,-323,639,-3
",NA1_5312954121",1647,",420",",CLASSIC",0,0,392,348,97,-156,-584,-771,-972,-226,-684,-1040,-962,-519,-322,662,1192,0,0,-1,0,0,-3,0,0,0,6,-584,-456,2232,-9
",NA1_5313036686",1966,",420",",CLASSIC",0,0,0,105,131,194,492,457,1378,387,-404,-180,490,985,2706,-173,-221,0,0,-1,0,0,-1,0,0,0,4,492,-672,-41,-3
",NA1_5313074533",960,",420",",CLASSIC",0,0,5,118,-341,-520,-521,-741,-1513,-1743,-2365,-2569,-1486,-1477,-1719,-3659,-4515,0,0,-1,0,0,-3,0,0,0,6,-521,-2048,-1946,-9
",NA1_5313101812",1360,",420",",CLASSIC",0,1,5,421,555,-725,-457,-819,-717,189,192,654,1154,777,613,179,1404,0,0,-1,0,0,-3,0,0,0,7,-457,1111,750,-9
",NA1_5313129500",1380,",420",",CLASSIC",0,0,0,17,-1093,-885,-2461,-942,-1022,-1736,-2056,-1836,-2302,-2468,-2283,-3572,-3427,0,0,-1,0,0,-1,0,0,0,3,-2461,625,-1591,-3
",NA1_5313155257",2421,",420",",CLASSIC",0,1,0,16,52,525,-41,-230,-336,-308,-112,-1619,-2749,-2768,-3742,-3033,-3715,0,0,-1,0,0,-1,0,0,0,4,-41,-1578,-2096,-3
",NA1_5313352718",1447,",420",",CLASSIC",0,1,0,25,355,290,1183,2422,1645,2546,2554,5297,5447,5501,8646,8481,7153,0,0,-1,0,0,-3,0,0,0,5,1183,4114,1856,-9
",NA1_5313407410",1295,",420",",CLASSIC",0,0,0,-19,-281,426,-630,-353,-1379,-992,256,1638,1789,1336,-2157,-2582,-3604,0,0,-1,0,0,-3,0,0,0,7,-630,2268,-5242,-9
",NA1_5313426736",1621,",420",",CLASSIC",0,0,0,-44,31,-691,-153,-713,-1029,-2379,-2319,-2598,-3402,-3414,-3543,-4664,-4271,0,0,-1,0,0,-3,0,0,0,6,-153,-2445,-1673,-9
",NA1_5313438580",2347,",420",",CLASSIC",0,0,-5,2,110,716,892,1634,1532,1518,1537,1813,2882,2242,2865,3381,2020,0,0,-1,0,0,-3,0,0,0,4,892,921,207,-9
",NA1_5313480765",1838,",420",",CLASSIC",0,0,0,36,-447,-724,-1311,-846,-543,-315,898,2485,2120,3472,1339,2899,4997,0,0,-1,0,0,-3,0,0,0,6,-1311,3796,2512,-9
",NA1_5313503790",1982,",420",",CLASSIC",0,1,0,14,-225,323,333,754,193,784,-87,-595,-1266,-1739,-97,-132,-195,0,0,-1,0,0,-3,0,0,0,4,333,-928,400,-9
",NA1_5313520871",2044,",420",",CLASSIC",0,0,0,62,-40,316,354,433,757,746,1038,-485,-180,-287,-232,-1243,-1779,0,0,-1,0,0,-3,0,0,0,5,354,-839,-1294,-9
",NA1_5313521444",1561,",420",",CLASSIC",0,1,0,68,-45,487,387,1096,638,1197,992,489,933,-509,370,-347,259,0,0,-1,0,0,-1,0,0,0,5,387,102,-230,-3
",NA1_5313533897",1560,",420",",CLASSIC",0,0,0,-29,-251,864,1516,1576,959,-21,-153,-1023,453,-238,-744,239,-897,0,0,-1,0,0,-3,0,0,0,4,1516,-2539,126,-9
",NA1_5313544222",1785,",420",",CLASSIC",0,0,0,-24,451,396,180,570,-55,124,-16,102,-1856,-1179,-1309,-1868,-1363,0,0,0,0,0,0,0,0,0,0,180,-78,-1465,0
",NA1_5313558906",1276,",420",",CLASSIC",0,0,0,-165,-194,-412,-994,-1180,-893,-1948,-1788,-2641,-3329,-3043,-4523,-3327,-4183,0,0,-1,0,0,-1,0,0,0,3,-994,-1647,-1542,-3
",NA1_5313570231",1610,",420",",CLASSIC",0,1,-400,-309,-164,-151,436,314,1026,1827,1776,2121,2519,3623,3322,4740,5249,0,0,-1,0,0,-3,0,0,0,5,436,1685,3128,-9
",NA1_5313593381",1809,",420",",CLASSIC",0,0,5,56,-84,-433,-657,-197,-1353,-788,-305,-723,-1330,-1730,-996,-1128,-1171,0,0,-1,0,0,-3,0,0,0,5,-657,-66,-448,-9
",NA1_5313598609",1744,",420",",CLASSIC",0,0,5,50,118,-94,-39,136,-1049,-151,-168,-501,-595,-352,-344,-1916,-1316,0,0,-1,0,0,-3,0,0,0,5,-39,-462,-815,-9
",NA1_5313636543",1441,",420",",CLASSIC",0,0,0,-93,104,15,-710,-728,-1039,-925,-1185,-1821,-2323,-2301,-2963,-2268,-2380,0,0,-1,0,0,-3,0,0,0,4,-710,-1111,-559,-9
",NA1_5313663543",2274,",420",",CLASSIC",0,1,0,3,-264,-524,-1013,-647,-341,-759,-701,-834,338,-177,251,518,-30,0,0,-1,0,0,-3,0,0,0,7,-1013,179,804,-9
",NA1_5313706105",2582,",420",",CLASSIC",0,1,0,-125,22,122,513,-265,-118,198,467,313,758,679,382,-382,-965,0,0,-1,0,0,-1,0,0,0,4,513,-200,-1278,-3
",NA1_5313725953",1987,",420",",CLASSIC",0,1,0,87,177,613,464,435,1249,1565,2723,1158,1246,1159,853,932,205,0,0,-1,0,0,-1,0,0,0,2,464,694,-953,-3
",NA1_5313729225",1752,",420",",CLASSIC",0,1,0,47,501,714,1092,1567,1484,1734,580,1386,1243,2618,4239,5168,6235,0,0,-1,0,0,-3,0,0,0,5,1092,294,4849,-9
",NA1_5313752267",995,",420",",CLASSIC",0,0,0,-34,-229,-687,-871,-1360,-2664,-1822,-2646,-2592,-3865,-4031,-4793,-5557,-5788,0,0,-1,0,0,-3,0,0,0,6,-871,-1721,-3196,-9
",NA1_5313780126",1841,",420",",CLASSIC",0,1,1,-443,-1105,-1186,-1845,-1472,-2032,-1552,-1886,-2156,-3618,-3672,-3175,-1931,-2491,0,0,-1,0,0,-3,0,0,0,7,-1845,-311,-335,-9
",NA1_5313799885",1287,",420",",CLASSIC",0,0,0,43,-617,-671,-1520,-1632,-1905,-4012,-3122,-4363,-4700,-6700,-7349,-7895,-8778,0,0,-1,0,0,-3,0,0,0,6,-1520,-2843,-4415,-9
",NA1_5313822029",1590,",420",",CLASSIC",0,0,0,-119,-226,-309,254,464,602,-693,97,-167,-164,-1069,-1348,-368,-924,0,0,-1,0,0,-3,0,0,0,3,254,-421,-757,-9
",NA1_5313945851",1346,",420",",CLASSIC",0,1,0,-38,48,172,531,890,1700,1068,1760,2643,3538,3148,3563,3802,3477,0,0,-1,0,0,-3,0,0,0,5,531,2112,834,-9
",NA1_5313959367",1490,",420",",CLASSIC",0,1,-3,16,-117,-668,-446,-611,-541,-1044,-69,-839,-838,-1411,-968,-434,208,0,0,-1,0,0,-3,0,0,0,4,-446,-393,1047,-9
",NA1_5313960209",1630,",420",",CLASSIC",0,1,0,-65,-261,144,96,1121,1039,879,583,170,-764,-510,-361,300,256,0,0,-1,0,0,-3,0,0,0,6,96,74,86,-9
",NA1_5313979914",2112,",420",",CLASSIC",0,0,0,-104,110,-14,612,800,1613,1699,1564,1807,2317,2534,3291,4710,3460,0,0,-1,0,0,-3,0,0,0,5,612,1195,1653,-9
",NA1_5314014076",1845,",420",",CLASSIC",0,0,-375,-367,-175,-186,-934,54,-23,-176,384,648,287,-649,-772,-118,-51,0,0,-1,0,0,-3,0,0,0,4,-934,1582,-699,-9
",NA1_5314067847",1317,",420",",CLASSIC",0,0,0,-21,-24,224,166,652,-704,-1143,-1298,-3366,-3845,-5220,-5193,-7407,-7422,0,0,-1,0,0,-1,0,0,0,4,166,-3532,-4056,-3
",NA1_5314080383",1154,",420",",CLASSIC",0,1,0,25,81,-538,-1301,-2050,-465,-30,970,744,1583,908,-150,497,1367,0,0,-1,0,0,-1,0,0,0,2,-1301,2045,623,-3
",NA1_5314085448",1508,",420",",CLASSIC",0,0,0,-1,166,70,963,724,1188,1054,1423,2191,-366,201,431,-1188,-1081,0,0,-1,0,0,-3,0,0,0,5,963,1228,-3272,-9
",NA1_5314111954",1631,",420",",CLASSIC",0,1,0,92,228,353,198,-749,754,1151,1681,1713,3058,4851,5233,6107,5667,0,0,-1,0,0,-1,0,0,0,4,198,1515,3954,-3
",NA1_5314144333",1794,",420",",CLASSIC",0,0,0,17,166,220,597,369,121,29,-350,-710,-711,-378,1635,1887,1714,0,0,-1,0,0,-3,0,0,0,4,597,-1307,2424,-9
",NA1_5314183803",1300,",420",",CLASSIC",0,0,5,85,-185,38,534,1553,736,-472,-813,725,440,1141,-517,-832,-1954,0,0,-1,0,0,-1,0,0,0,3,534,191,-2679,-3
",NA1_5314198179",1620,",420",",CLASSIC",0,0,0,45,-152,690,583,541,-906,-709,123,-107,63,-935,-600,-1363,-3826,0,0,-1,0,0,-3,0,0,0,6,583,-690,-3719,-9
",NA1_5314202679",1796,",420",",CLASSIC",0,0,0,418,822,778,305,1024,1866,1553,1418,1657,-632,-281,103,73,389,0,0,-1,0,0,-3,0,0,0,6,305,1352,-1268,-9
",NA1_5314210478",1765,",420",",CLASSIC",0,1,-5,27,131,-1164,-1261,-376,-485,-20,984,549,530,431,-1663,-1714,-1378,0,0,-1,0,0,-3,0,0,0,7,-1261,1810,-1927,-9
",NA1_5314230177",1623,",420",",CLASSIC",0,0,0,-16,-510,47,-87,401,-420,-7,-272,669,1431,1732,1188,65,-821,0,0,-1,0,0,-3,0,0,0,6,-87,756,-1490,-9
",NA1_5314250332",943,",420",",CLASSIC",0,0,0,-3,-52,-580,-959,-1234,-1179,-1528,-1529,-2450,-3166,-4887,-5865,-6731,-8521,0,0,-1,0,0,-3,0,0,0,7,-959,-1491,-6071,-9
",NA1_5314268589",2082,",420",",CLASSIC",0,1,-25,-40,-303,-431,-338,-1071,-1774,-2990,-3801,-3980,-5911,-6062,-5968,-7617,-9197,0,0,-1,0,0,-3,0,0,0,6,-338,-3642,-5217,-9
",NA1_5314301069",1766,",420",",CLASSIC",0,0,0,-52,-488,-661,-725,-671,-500,-499,-279,-179,-225,-628,-1144,-669,-505,0,0,-1,0,0,-1,0,0,0,4,-725,546,-326,-3
",NA1_5314305530",1653,",420",",CLASSIC",0,1,0,-10,76,-147,-73,78,343,772,1051,640,752,-366,-1395,-1454,642,0,0,-1,0,0,-3,0,0,0,7,-73,713,2,-9
",NA1_5314306701",918,",420",",CLASSIC",0,1,0,33,20,694,835,1590,1339,2220,2233,3098,4640,6241,7578,8922,11335,0,0,-1,0,0,-1,0,0,0,6,835,2263,8237,-3
",NA1_5314332665",1775,",420",",CLASSIC",0,1,0,284,283,662,709,556,1387,687,1320,984,1893,1805,2046,3247,4318,0,0,-1,0,0,-3,0,0,0,6,709,275,3334,-9
",NA1_5314345179",1558,",420",",CLASSIC",0,0,462,585,555,394,1035,891,1854,1389,1948,1477,1209,969,1294,2703,3649,0,0,0,0,0,0,0,0,0,2,1035,442,2172,0
",NA1_5314360853",1699,",420",",CLASSIC",0,0,0,-93,-219,795,833,1070,492,139,500,549,321,367,54,245,-305,0,0,-1,0,0,-1,0,0,0,3,833,-284,-854,-3
",NA1_5314370641",1870,",420",",CLASSIC",0,1,0,81,747,-133,-121,-362,-1144,-1675,-857,-722,-1771,-744,-216,-841,-334,0,0,0,0,0,0,0,0,0,3,-121,-601,388,0
",NA1_5314400100",1632,",420",",CLASSIC",0,0,0,-49,-569,-1359,-2470,-2197,-2180,-3017,-2559,-2521,-2482,-3202,-3166,-2088,-2559,0,0,-1,0,0,-3,0,0,0,5,-2470,-51,-38,-9
",NA1_5314596563",1699,",420",",CLASSIC",0,1,0,-96,321,-694,-1540,-1739,-1100,-2140,-2099,-2806,-3267,-4627,-5523,-3418,-4082,0,0,-1,0,0,-3,0,0,0,5,-1540,-1266,-1276,-9
",NA1_5314619901",1136,",420",",CLASSIC",0,0,0,-8,252,1520,813,907,366,-1308,-1721,-2738,-2456,-1619,-1009,-1677,-1441,0,0,0,0,0,0,0,0,0,3,813,-3551,1297,0
",NA1_5314642357",1235,",420",",CLASSIC",0,0,0,-82,-860,-1106,-2138,-2043,-1779,-1703,-2583,-2143,-3043,-2530,-4943,-7084,-7358,0,0,-1,0,0,-3,0,0,0,7,-2138,-5,-5215,-9
",NA1_5314661619",1472,",420",",CLASSIC",0,0,-5,-56,-137,-196,470,-366,-9,-542,-1402,-552,-403,-1309,841,-526,634,0,0,-1,0,0,-3,0,0,0,7,470,-1022,1186,-9
",NA1_5314692907",1665,",420",",CLASSIC",0,1,0,-27,83,719,-46,-80,856,1069,1102,1013,1498,1260,2228,1416,3060,0,0,-1,0,0,-3,0,0,0,4,-46,1059,2047,-9
",NA1_5314710213",1726,",420",",CLASSIC",0,1,0,87,540,638,1295,1276,1089,1018,2849,2239,3306,2860,4384,4194,5920,0,0,-1,0,0,-1,0,0,0,5,1295,944,3681,-3
",NA1_5314726211",1310,",420",",CLASSIC",0,0,4,5,-117,-12,-1250,-977,-1998,-2284,-2139,-1712,-1898,-2842,-2658,-4109,-4957,0,0,-1,0,0,-3,0,0,0,5,-1250,-462,-3245,-9
",NA1_5314740973",939,",420",",CLASSIC",0,0,0,46,378,69,-158,-264,-673,-1062,-2398,-2452,-2670,-2805,-3296,-5563,-6348,0,0,-1,0,0,-1,0,0,0,2,-158,-2294,-3896,-3
",NA1_5314762473",1685,",420",",CLASSIC",0,0,0,29,-29,41,-45,-173,314,-275,-69,-40,110,988,2118,1922,1982,0,0,-1,0,0,-3,0,0,0,8,-45,5,2022,-9
",NA1_5314792726",1408,",420",",CLASSIC",0,1,0,72,-52,-273,633,1006,606,859,1252,3386,3749,3821,3129,4195,5198,0,0,-1,0,0,-1,0,0,0,4,633,2753,1812,-3
",NA1_5314953539",1450,",420",",CLASSIC",0,0,0,57,-562,-1412,-1646,-1748,-1399,-1945,-1079,-814,-1157,-1393,-2223,-1792,-1394,0,0,-1,0,0,-1,0,0,0,7,-1646,832,-580,-3
",NA1_5314975115",1372,",420",",CLASSIC",0,0,0,-31,-839,-148,-843,-745,-358,843,805,954,467,638,-846,-1428,-932,0,0,-1,0,0,-1,0,0,0,5,-843,1797,-1886,-3
",NA1_5315094477",1196,",420",",CLASSIC",0,1,0,492,488,1111,852,539,-46,-389,657,377,1009,2191,1476,1390,2617,0,0,-1,0,0,-1,0,0,0,4,852,-475,2240,-3
",NA1_5315116535",1785,",420",",CLASSIC",0,0,0,-52,221,438,1089,416,800,788,1774,2289,3309,2327,1123,775,1383,0,0,-1,0,0,-3,0,0,0,5,1089,1200,-906,-9
",NA1_5315133432",1238,",420",",CLASSIC",0,1,0,88,474,1450,1018,1778,2688,3966,4073,4079,4777,4837,6348,8348,9784,0,0,-1,0,0,-3,0,0,0,7,1018,3061,5705,-9
",NA1_5315155517",2153,",420",",CLASSIC",0,1,405,462,414,400,469,638,-128,691,548,286,-796,951,1245,3202,3361,0,0,-1,0,0,-1,0,0,0,2,469,-183,3075,-3
",NA1_5315185852",1748,",420",",CLASSIC",0,0,-20,142,59,850,-458,-1293,-1887,-3044,-3048,-3516,-3808,-3566,-3087,-4045,-4464,0,0,-1,0,0,-3,0,0,0,4,-458,-3058,-948,-9
",NA1_5315260989",1444,",420",",CLASSIC",0,0,-15,-184,-525,-1094,-1976,-1806,-2025,-2010,-2284,-2256,-2502,-3762,-3732,-3929,-4943,0,0,-1,0,0,-1,0,0,0,2,-1976,-280,-2687,-3
",NA1_5315288985",1175,",420",",CLASSIC",0,1,25,969,1051,1277,1228,1176,567,1119,1844,3336,3759,3850,4529,5136,5711,0,0,-1,0,0,-3,0,0,0,7,1228,2108,2375,-9
",NA1_5315338613",1693,",420",",CLASSIC",0,0,0,-40,-194,-390,-443,373,557,-82,300,-13,443,-65,-873,-2000,-4192,0,0,-1,0,0,-3,0,0,0,5,-443,430,-4179,-9
",NA1_5315364944",1423,",420",",CLASSIC",0,1,0,37,-54,839,1197,1175,1409,774,-123,1084,2322,1872,2191,2744,2335,0,0,-1,0,0,-3,0,0,0,7,1197,-113,1251,-9
",NA1_5315784076",922,",420",",CLASSIC",0,0,0,-381,-941,26,630,-1330,-632,-914,-789,84,47,-641,-1414,-2550,-3983,0,0,-1,0,0,-1,0,0,0,2,630,-546,-4067,-3
",NA1_5315869608",1154,",420",",CLASSIC",0,0,-420,-771,-1241,-1192,-475,-1226,-2866,-2284,-3285,-4360,-4686,-6067,-5528,-6035,-6621,0,0,-1,0,0,-3,0,0,0,8,-475,-3885,-2261,-9
",NA1_5315968425",1916,",420",",CLASSIC",0,1,0,-100,-105,732,1391,1022,1541,1862,1926,685,235,-625,-60,-473,301,0,0,-1,0,0,-3,0,0,0,5,1391,-706,-384,-9
",NA1_5315983642",1245,",420",",CLASSIC",0,0,0,-1245,-1055,-505,-360,-526,-300,-687,-749,-1748,-1690,-2598,-3077,-2954,-2660,0,0,-1,0,0,-3,0,0,0,5,-360,-1388,-912,-9
",NA1_5316025142",1226,",420",",CLASSIC",0,1,0,155,-43,1289,1608,1870,1930,3035,3287,2952,2796,3167,3972,4221,3593,0,0,-1,0,0,-3,0,0,0,6,1608,1344,641,-9
",NA1_5316039673",1136,",420",",CLASSIC",0,1,0,-183,-291,-228,-252,209,411,213,768,892,1109,1962,1246,983,4496,0,0,-1,0,0,-3,0,0,0,7,-252,1144,3604,-9
",NA1_5316054012",1731,",420",",CLASSIC",0,0,0,-68,-171,270,408,-914,-39,-374,504,671,440,312,-939,-1515,-2323,0,0,-1,0,0,-3,0,0,0,6,408,263,-2994,-9
",NA1_5316057397",1525,",420",",CLASSIC",0,0,0,29,161,-317,-556,-996,-1478,-2650,-1293,-474,-1850,-2023,-1190,-2892,-5728,0,0,-1,0,0,-3,0,0,0,7,-556,82,-5254,-9
",NA1_5316080400",990,",420",",CLASSIC",0,0,0,34,443,601,540,586,1762,712,773,-231,-848,-1399,-1807,-2512,-4047,0,0,-1,0,0,-1,0,0,0,3,540,-771,-3816,-3
",NA1_5316091022",1494,",420",",CLASSIC",0,1,0,6,1010,748,630,559,736,549,774,118,423,1265,1860,1820,2810,0,0,-1,0,0,-3,0,0,0,6,630,-512,2692,-9
",NA1_5316113128",1661,",420",",CLASSIC",0,1,0,-120,251,461,-96,948,1017,1260,1461,1644,1578,2133,2414,2702,3499,0,0,-1,0,0,-3,0,0,0,8,-96,1740,1855,-9
",NA1_5316127040",1467,",420",",CLASSIC",0,0,0,-97,-130,-450,-1242,-998,-545,-1490,-1333,-2535,-4013,-4816,-5651,-6546,-7563,0,0,-1,0,0,-3,0,0,0,6,-1242,-1293,-5028,-9
",NA1_5316148625",921,",420",",CLASSIC",0,1,0,-146,-418,-1014,-1585,-1066,-1331,-1465,262,572,1173,2912,3181,6641,7716,0,0,-1,0,0,-1,0,0,0,4,-1585,2157,7144,-3
",NA1_5316178356",1972,",420",",CLASSIC",0,0,0,-61,-193,553,-851,-14,-549,-392,610,1060,1932,1137,1394,1774,1220,0,0,-1,0,0,-3,0,0,0,5,-851,1911,160,-9
",NA1_5316331454",1654,",420",",CLASSIC",0,0,0,12,155,820,694,1595,2058,2571,872,-119,-1251,-2625,-5094,-4098,-3912,0,0,-1,0,0,-3,0,0,0,8,694,-813,-3793,-9
",NA1_5316400150",1391,",420",",CLASSIC",0,0,375,390,702,827,594,359,510,94,-803,-598,-1136,-1072,-948,-1072,-3499,0,0,-1,0,0,-3,0,0,0,4,594,-1192,-2901,-9
",NA1_5316420660",1338,",420",",CLASSIC",0,0,0,-398,-295,-165,250,86,-517,4,74,-628,-1902,-2085,-1717,-1237,-2014,0,0,-1,0,0,-3,0,0,0,5,250,-878,-1386,-9
",NA1_5316437121",1234,",420",",CLASSIC",0,1,445,457,722,1136,1187,1177,506,492,910,332,-195,193,-765,-417,1718,0,0,-1,0,0,-3,0,0,0,6,1187,-855,1386,-9
",NA1_5316463543",1379,",420",",CLASSIC",0,1,0,57,-324,-743,113,210,1035,1395,1160,1150,1862,2958,2248,4917,4920,0,0,-1,0,0,-3,0,0,0,8,113,1037,3770,-9
",NA1_5316480920",2564,",420",",CLASSIC",0,1,0,250,52,373,-66,788,1246,1360,1303,1053,814,737,-493,-860,-763,0,0,-1,0,0,-1,0,0,0,1,-66,1119,-1816,-3
",NA1_5316514842",1461,",420",",CLASSIC",0,0,0,43,-653,-561,-1167,-1870,-3051,-3882,-4397,-3996,-4181,-3636,-3386,-3635,-5393,0,0,-1,0,0,-1,0,0,0,5,-1167,-2829,-1397,-3
",NA1_5316530329",2238,",420",",CLASSIC",0,0,15,-70,296,836,710,1016,1068,1150,1343,469,416,-208,-317,-1480,-1144,0,0,-1,0,0,-3,0,0,0,4,710,-241,-1613,-9
",NA1_5316540756",1806,",420",",CLASSIC",0,1,-5,71,1294,-131,806,1093,1631,1819,1397,1834,1362,2050,3262,1776,1810,0,0,-1,0,0,-1,0,0,0,5,806,1028,-24,-3
",NA1_5316569860",1876,",420",",CLASSIC",0,0,0,19,186,85,-344,-363,62,1503,1078,1524,1837,1301,2417,1970,1536,0,0,-1,0,0,-3,0,0,0,7,-344,1868,12,-9
",NA1_5316689975",1902,",420",",CLASSIC",0,0,0,-13,-86,-99,-316,-434,-87,227,750,986,679,1712,2492,1824,1583,0,0,-1,0,0,-3,0,0,0,4,-316,1302,597,-9
",NA1_5316731190",1569,",420",",CLASSIC",0,1,395,305,1006,680,1410,1380,1163,1082,2233,1557,1893,2766,2579,2879,3238,0,0,-1,0,0,-3,0,0,0,5,1410,147,1681,-9
",NA1_5316757240",1589,",420",",CLASSIC",0,0,0,-131,60,207,243,546,-229,501,965,1317,1726,2573,3235,3052,3443,0,0,-1,0,0,-1,0,0,0,5,243,1074,2126,-3
",NA1_5316803217",1588,",420",",CLASSIC",0,0,25,209,-315,-101,1095,927,492,1342,59,1573,2998,3486,4419,4678,5356,0,0,-1,0,0,-3,0,0,0,7,1095,478,3783,-9
",NA1_5317208736",2073,",420",",CLASSIC",0,1,25,2,-610,-548,-626,-742,-393,-904,-1550,-1277,-2230,-2715,-4081,-5253,-4283,0,0,-1,0,0,-1,0,0,0,5,-626,-651,-3006,-3
",NA1_5317225221",1385,",420",",CLASSIC",0,1,0,35,449,1012,776,1174,973,951,815,156,224,1436,3458,3280,3714,0,0,-1,0,0,-3,0,0,0,4,776,-620,3558,-9
",NA1_5317236262",1445,",420",",CLASSIC",0,0,0,19,500,1059,1893,2677,2852,3475,2468,2296,2671,3030,3044,1588,1504,0,0,-1,0,0,-3,0,0,0,5,1893,403,-792,-9
",NA1_5317254053",916,",420",",CLASSIC",0,1,-5,-38,747,996,1335,1634,1280,1567,2953,2798,4073,5254,9020,8022,8552,0,0,-1,0,0,-1,0,0,0,6,1335,1463,5754,-3
",NA1_5317290088",2052,",420",",CLASSIC",0,1,0,50,77,494,1152,996,2014,2040,1338,2621,2608,3789,3731,3475,3999,0,0,-1,0,0,-1,0,0,0,3,1152,1469,1378,-3
",NA1_5317327295",1901,",420",",CLASSIC",0,0,0,2,-377,116,394,515,440,0,-653,-467,-628,-806,-266,-668,721,0,0,-1,0,0,-3,0,0,0,6,394,-861,1188,-9
",NA1_5317347854",1501,",420",",CLASSIC",0,1,5,-375,-579,97,342,679,90,1738,2458,1975,2365,1047,2584,2717,2386,0,0,-1,0,0,-1,0,0,0,7,342,1633,411,-3
",NA1_5317370089",912,",420",",CLASSIC",0,1,0,-58,646,1255,1258,1634,2634,2872,2549,4140,3469,5316,6901,7258,9941,0,0,-1,0,0,-1,0,0,0,3,1258,2882,5801,-3
",NA1_5317383977",1737,",420",",CLASSIC",0,0,0,30,-409,-316,-211,-274,265,295,484,-187,-156,-197,310,918,84,0,0,-1,0,0,-3,0,0,0,5,-211,24,271,-9
",NA1_5317494894",1777,",420",",CLASSIC",0,0,0,522,-130,570,1551,2071,2609,3038,3029,3093,1543,596,1589,3037,2114,0,0,-1,0,0,-3,0,0,0,6,1551,1542,-979,-9
",NA1_5317507934",1521,",420",",CLASSIC",0,1,0,86,-326,-607,543,-234,-475,-430,-536,-643,-1058,-778,-715,-878,-1135,0,0,-1,0,0,-1,0,0,0,3,543,-1186,-492,-3
",NA1_5317686912",1503,",420",",CLASSIC",0,0,0,29,198,102,-863,-724,-1365,-1240,-1891,-1437,-1156,-1028,-987,-1366,-2560,0,0,-1,0,0,-3,0,0,0,4,-863,-574,-1123,-9
",NA1_5317885078",2169,",420",",CLASSIC",0,0,0,-228,698,1395,1364,998,329,951,1935,2921,1142,1633,2210,3695,4789,0,0,-1,0,0,-1,0,0,0,3,1364,1557,1868,-3
",NA1_5317916402",1855,",420",",CLASSIC",0,0,-5,-83,-98,426,-232,-1199,-1234,-1492,-1338,-2677,-2003,-3263,-3503,-4135,-4054,0,0,-1,0,0,-3,0,0,0,3,-232,-2445,-1377,-9
",NA1_5317928171",967,",420",",CLASSIC",0,0,-5,-76,-328,-442,-1397,-1126,-1963,-1777,-2057,-2520,-3192,-3801,-5658,-7546,-8004,0,0,-1,0,0,-3,0,0,0,5,-1397,-1123,-5484,-9
",NA1_5317942422",1766,",420",",CLASSIC",0,0,0,311,109,197,-18,92,-412,-736,-1860,-1700,-1856,-764,-1045,-2567,-1518,0,0,-1,0,0,-1,0,0,0,4,-18,-1682,182,-3
",NA1_5317944005",1709,",420",",CLASSIC",0,0,0,349,167,-511,-574,-1745,-1147,-1046,-1362,380,-542,876,-36,266,321,0,0,-1,0,0,-1,0,0,0,4,-574,954,-59,-3
",NA1_5317957984",1245,",420",",CLASSIC",0,1,0,378,460,-149,-23,464,471,1404,1115,1981,2273,2331,3208,3211,4890,0,0,-1,0,0,-1,0,0,0,3,-23,2004,2909,-3
",NA1_5317964610",1242,",420",",CLASSIC",0,0,-10,-431,-117,-302,-487,-37,-444,-695,-1475,-1204,-1252,-325,-1859,-2266,-2389,0,0,-1,0,0,-1,0,0,0,6,-487,-717,-1185,-3
",NA1_5317973729",1249,",420",",CLASSIC",0,1,0,107,321,-31,-400,-67,1000,1127,1541,3120,3840,4749,3447,4823,3591,0,0,-1,0,0,-3,0,0,0,7,-400,3520,471,-9
",NA1_5317999501",1948,",420",",CLASSIC",0,1,-1,116,90,-1056,-1522,-2429,-2125,-3161,-2896,-4197,-5036,-5895,-4288,-2097,-258,0,0,-1,0,0,-3,0,0,0,5,-1522,-2675,3939,-9
",NA1_5318106352",1163,",420",",CLASSIC",0,1,0,8,431,1018,859,1333,1705,2287,1127,1323,1974,1672,2162,2449,3283,0,0,-1,0,0,-1,0,0,0,4,859,464,1960,-3
",NA1_5318118736",2013,",420",",CLASSIC",0,1,0,6,-66,458,582,807,678,354,379,1522,1445,1395,1425,1962,3137,0,0,-1,0,0,-1,0,0,0,2,582,940,1615,-3
",NA1_5318131127",1740,",420",",CLASSIC",0,0,1788,1792,1966,2287,2586,1912,204,-103,-713,-309,-278,86,-1485,-778,-467,0,0,-1,0,0,-1,0,0,0,5,2586,-2895,-158,-3
",NA1_5318149991",1709,",420",",CLASSIC",0,0,-20,8,-182,278,-928,-1993,-1769,-1713,-2607,-3243,-3478,-3857,-3920,-3970,-3498,0,0,-1,0,0,-1,0,0,0,3,-928,-2315,-255,-3
",NA1_5318170118",1667,",420",",CLASSIC",0,0,0,-106,-680,-1032,-2265,-2191,-2993,-3473,-3342,-3417,-3035,-2693,-2024,-3892,-4063,0,0,-1,0,0,-1,0,0,0,4,-2265,-1152,-646,-3
",NA1_5318184322",1164,",420",",CLASSIC",0,0,-5,33,-893,-1494,-2096,-1436,-1130,-882,-1030,-1451,-1317,-1692,-886,-2142,-2681,0,0,-1,0,0,-3,0,0,0,4,-2096,645,-1230,-9
",NA1_5318203122",1689,",420",",CLASSIC",0,1,0,-34,506,486,1389,2052,1623,592,432,1372,966,1757,1232,1555,1580,0,0,-1,0,0,-3,0,0,0,6,1389,-17,208,-9
",NA1_5318220424",1598,",420",",CLASSIC",0,0,-399,-405,-1017,-1300,-1247,-1292,-613,-772,-635,-599,-319,-1688,491,74,-734,0,0,-1,0,0,-1,0,0,0,3,-1247,648,-135,-3
",NA1_5318238543",2155,",420",",CLASSIC",0,1,0,62,-311,-340,-288,-364,324,721,1032,1312,-592,-1301,-1331,-444,-1116,0,0,-1,0,0,-3,0,0,0,6,-288,1600,-2428,-9
",NA1_5318267679",1435,",420",",CLASSIC",0,0,-5,-277,-459,-860,-1567,-1725,-1799,-1693,-1484,-1360,-1324,-2747,-3214,-3337,-3155,0,0,-1,0,0,-3,0,0,0,5,-1567,207,-1795,-9
",NA1_5318289435",1750,",420",",CLASSIC",0,1,25,21,-28,-6,69,467,1842,1853,2356,2576,3101,4672,5236,4099,5350,0,0,0,0,0,0,0,0,0,5,69,2507,2774,0
",NA1_5318305918",1623,",420",",CLASSIC",0,1,-455,-490,-303,-1021,-1190,-1403,-1165,-598,115,-1555,-2361,-1890,-2491,-2978,-2352,0,0,-1,0,0,-1,0,0,0,1,-1190,-365,-797,-3
",NA1_5318329312",2318,",420",",CLASSIC",0,1,0,-14,-609,-1282,-1007,-349,1183,-221,-428,470,-1057,-272,482,1811,272,0,0,-1,0,0,-3,0,0,0,5,-1007,1477,-198,-9
",NA1_5318420629",1572,",420",",CLASSIC",0,1,0,3,780,1188,2341,2163,3582,3771,3423,3003,4203,5763,4761,5679,5164,0,0,-1,0,0,-3,0,0,0,6,2341,662,2161,-9
",NA1_5318433498",913,",420",",CLASSIC",0,1,0,-27,-417,-267,80,730,1165,1692,2180,2601,3124,5032,4694,8309,9056,0,0,-1,0,0,-3,0,0,0,7,80,2521,6455,-9
",NA1_5318449913",2102,",420",",CLASSIC",0,0,0,-18,-327,-114,-298,-137,430,1050,1113,3333,3589,3574,3933,5057,4258,0,0,-1,0,0,-3,0,0,0,6,-298,3631,925,-9
",NA1_5318455491",1804,",420",",CLASSIC",0,1,445,810,983,398,822,1596,1787,2213,2291,2854,4567,3685,6803,6476,7782,0,0,-1,0,0,-3,0,0,0,6,822,2032,4928,-9
",NA1_5318485883",1916,",420",",CLASSIC",0,0,0,-53,-762,-425,-302,-275,1436,1426,2268,1974,2358,1512,1631,2173,2531,0,0,-1,0,0,-3,0,0,0,3,-302,2276,557,-9
",NA1_5318488004",1625,",420",",CLASSIC",0,0,0,-353,-857,-1291,-1222,-214,-588,-300,143,-1132,26,-1944,-2427,-2286,-2123,0,0,-1,0,0,-3,0,0,0,6,-1222,90,-991,-9
",NA1_5318496467",1138,",420",",CLASSIC",0,0,0,41,-22,146,-120,-852,-993,-1502,-1502,-2115,-1476,-252,-490,24,-1079,0,0,-1,0,0,-3,0,0,0,8,-120,-1995,1036,-9
",NA1_5318509525",1501,",420",",CLASSIC",0,1,0,78,845,764,276,299,1164,2182,2342,3074,2742,2435,2747,2143,1217,0,0,-1,0,0,-1,0,0,0,3,276,2798,-1857,-3
",NA1_5318518132",1855,",420",",CLASSIC",0,1,0,38,-518,-383,1016,1216,1158,2398,2533,2102,2669,4164,3420,2683,2381,0,0,-1,0,0,-3,0,0,0,4,1016,1086,279,-9
",NA1_5318540970",1472,",420",",CLASSIC",0,1,0,-7,-46,29,521,406,1784,1958,3571,4341,4938,5412,4924,5440,6145,0,0,-1,0,0,-3,0,0,0,7,521,3820,1804,-9
",NA1_5318549251",1747,",420",",CLASSIC",0,0,0,-2,337,236,-28,-383,-731,-436,-398,679,-174,2023,2236,2141,886,0,0,-1,0,0,-3,0,0,0,7,-28,707,207,-9
",NA1_5318735937",1567,",420",",CLASSIC",0,1,0,34,90,383,1138,1718,1451,1328,2230,3365,3373,4313,4380,4190,5303,0,0,-1,0,0,-1,0,0,0,3,1138,2227,1938,-3
",NA1_5318747443",1885,",420",",CLASSIC",0,0,0,-68,955,1229,1193,1096,945,1224,10,45,79,94,-1972,-1765,-2215,0,0,-1,0,0,-3,0,0,0,6,1193,-1148,-2260,-9
",NA1_5318755167",1459,",420",",CLASSIC",0,1,0,-22,129,491,1046,1660,1734,1444,964,1277,2402,2191,2574,2772,4152,0,0,-1,0,0,-3,0,0,0,5,1046,231,2875,-9
",NA1_5318772033",1892,",420",",CLASSIC",0,1,0,-30,-403,522,594,675,359,170,-766,-2391,-2955,-3918,-2941,-2269,-1079,0,0,-1,0,0,-3,0,0,0,5,594,-2985,1312,-9
",NA1_5318776367",1566,",420",",CLASSIC",0,0,0,14,57,-443,-139,-268,-327,-42,-1039,-2041,-3035,-2736,-3405,-3598,-3920,0,0,-1,0,0,-1,0,0,0,5,-139,-1902,-1879,-3
",NA1_5318798053",1487,",420",",CLASSIC",0,0,394,93,115,983,885,807,-144,-585,-140,-321,-594,47,-1328,-1418,-2796,0,0,-1,0,0,-1,0,0,0,3,885,-1206,-2475,-3
",NA1_5318818277",1575,",420",",CLASSIC",0,0,0,34,223,-994,-1230,-1591,-1671,-1974,-750,-3433,-3790,-2861,-5330,-5323,-2624,0,0,-1,0,0,-3,0,0,0,6,-1230,-2203,809,-9
",NA1_5318838921",1513,",420",",CLASSIC",0,1,0,37,-34,346,17,-25,929,1084,2365,2425,3678,3581,3649,3427,3147,0,0,-1,0,0,-3,0,0,0,5,17,2408,722,-9
",NA1_5318857679",1720,",420",",CLASSIC",0,1,0,347,144,-1086,-702,-1299,-2129,-1634,0,-155,-384,-678,-24,817,1676,0,0,-1,0,0,-1,0,0,0,2,-702,547,1831,-3
",NA1_5318879966",1658,",420",",CLASSIC",0,1,0,94,-60,10,-644,-526,-1747,-1764,-1508,-1244,-948,-857,165,321,-429,0,0,-1,0,0,-1,0,0,0,2,-644,-600,815,-3
",NA1_5318887535",1675,",420",",CLASSIC",0,1,0,-19,288,392,833,1457,1975,1563,1508,698,338,65,1055,3297,1320,0,0,-1,0,0,-3,0,0,0,8,833,-135,622,-9
",NA1_5318930959",2086,",420",",CLASSIC",0,0,-5,-396,-158,-1251,-175,-376,-819,-808,-1084,238,145,277,1098,1570,2639,0,0,-1,0,0,-3,0,0,0,4,-175,413,2401,-9
",NA1_5318978680",2168,",420",",CLASSIC",0,1,0,-410,-475,198,971,767,1324,1834,1516,1564,1556,2685,3487,4314,4392,0,0,-1,0,0,-3,0,0,0,6,971,593,2828,-9
",NA1_5319027133",1675,",420",",CLASSIC",0,1,-970,-808,-1073,-1838,-1887,-1282,17,375,1561,1449,1126,1258,306,840,19,0,0,-1,0,0,-1,0,0,0,3,-1887,3336,-1430,-3
",NA1_5319054402",1637,",420",",CLASSIC",0,1,0,42,-492,-540,-914,-1096,-388,-426,13,36,681,554,1139,-261,1471,0,0,-1,0,0,-3,0,0,0,5,-914,950,1435,-9
",NA1_5319065190",1837,",420",",CLASSIC",0,1,0,-34,-559,-1004,-1008,-2081,-2326,-2926,-1952,-618,202,1409,17,687,-481,0,0,-1,0,0,-1,0,0,0,3,-1008,390,137,-3
",NA1_5319081345",1539,",420",",CLASSIC",0,0,0,-65,61,-311,-471,-217,-203,-189,-834,-833,-2099,-3009,-4111,-4390,-3296,0,0,-1,0,0,-1,0,0,0,6,-471,-362,-2463,-3
",NA1_5319096051",1710,",420",",CLASSIC",0,1,0,-34,-128,-288,-871,-345,-543,-559,-1340,418,719,1320,1672,1108,1098,0,0,-1,0,0,-3,0,0,0,4,-871,1289,680,-9
",NA1_5319121122",2101,",420",",CLASSIC",0,1,395,462,901,-187,584,501,696,743,1144,853,877,1794,2041,2837,3349,0,0,-1,0,0,-1,0,0,0,4,584,269,2496,-3
",NA1_5319308493",1478,",420",",CLASSIC",0,0,0,84,-375,637,635,809,1002,731,868,772,649,-200,-318,-1070,-2400,0,0,-1,0,0,-1,0,0,0,4,635,137,-3172,-3
",NA1_5319331603",1327,",420",",CLASSIC",0,0,0,159,609,820,859,992,1915,1988,781,721,451,889,514,185,-1506,0,0,-1,0,0,-1,0,0,0,5,859,-138,-2227,-3
",NA1_5319349396",1740,",420",",CLASSIC",0,0,25,44,83,-49,-405,-455,515,187,-489,-289,-1980,-647,-38,-771,-1863,0,0,-1,0,0,-3,0,0,0,4,-405,116,-1574,-9
",NA1_5319371231",932,",420",",CLASSIC",0,0,0,-126,-22,680,-487,-611,-1352,-2032,-2178,-3061,-2879,-3835,-4057,-5794,-6094,0,0,-1,0,0,-3,0,0,0,4,-487,-2574,-3033,-9
",NA1_5319387390",967,",420",",CLASSIC",0,0,0,-66,-622,-1388,-2169,-2293,-2349,-2703,-2857,-3955,-6446,-6963,-8358,-9135,-10138,0,0,-1,0,0,-1,0,0,0,7,-2169,-1786,-6183,-3
